Country,Year,Consumption Emissions
Albania,1990,5.5563
Albania,1991,4.6138
Albania,1992,2.9158
Albania,1993,2.6728
Albania,1994,2.3725
Albania,1995,2.5463
Albania,1996,3.0261
Albania,1997,2.2199
Albania,1998,2.536
Albania,1999,3.7825
Albania,2000,4.0752
Albania,2001,4.4853
Albania,2002,5.1031
Albania,2003,5.9063
Albania,2004,5.4825
Albania,2005,5.7692
Albania,2006,5.6831
Albania,2007,5.956
Albania,2008,6.5424
Albania,2009,6.9146
Albania,2010,6.6144
Albania,2011,7.1451
Albania,2012,6.8445
Albania,2013,6.5774
Albania,2014,6.5125
Albania,2015,5.913
Albania,2016,5.8225
Albania,2017,5.9403
Albania,2018,5.944
Albania,2019,5.8324
Albania,2020,6.0214
Albania,2021,5.9579
Argentina,1990,112.9349
Argentina,1991,121.189
Argentina,1992,128.3527
Argentina,1993,123.7505
Argentina,1994,124.1578
Argentina,1995,128.355
Argentina,1996,134.3157
Argentina,1997,143.6101
Argentina,1998,147.4491
Argentina,1999,149.2909
Argentina,2000,141.4921
Argentina,2001,129.9821
Argentina,2002,81.8992
Argentina,2003,112.3531
Argentina,2004,133.1193
Argentina,2005,140.4185
Argentina,2006,150.882
Argentina,2007,156.0492
Argentina,2008,172.7257
Argentina,2009,157.6686
Argentina,2010,171.8103
Argentina,2011,189.7263
Argentina,2012,189.7531
Argentina,2013,198.4678
Argentina,2014,185.2346
Argentina,2015,199.9404
Argentina,2016,187.2571
Argentina,2017,190.9726
Argentina,2018,177.6532
Argentina,2019,167.0369
Argentina,2020,157.6832
Argentina,2021,177.0819
Armenia,1990,6.0139
Armenia,1991,4.5686
Armenia,1992,3.6196
Armenia,1993,1.8076
Armenia,1994,1.7838
Armenia,1995,2.6832
Armenia,1996,2.7887
Armenia,1997,4.0782
Armenia,1998,4.0327
Armenia,1999,5.1718
Armenia,2000,4.2604
Armenia,2001,4.4642
Armenia,2002,4.4347
Armenia,2003,3.9648
Armenia,2004,4.2358
Armenia,2005,5.7726
Armenia,2006,5.1271
Armenia,2007,10.1091
Armenia,2008,6.5283
Armenia,2009,5.886
Armenia,2010,5.2951
Armenia,2011,5.2787
Armenia,2012,6.5181
Armenia,2013,6.0383
Armenia,2014,5.819
Armenia,2015,5.8853
Armenia,2016,5.521
Armenia,2017,5.7978
Armenia,2018,7.1143
Armenia,2019,6.9245
Armenia,2020,7.4387
Armenia,2021,7.8004
Australia,1990,243.3241
Australia,1991,243.9373
Australia,1992,246.5363
Australia,1993,247.4527
Australia,1994,256.0144
Australia,1995,261.6451
Australia,1996,268.0207
Australia,1997,275.646
Australia,1998,295.5759
Australia,1999,296.6156
Australia,2000,290.9011
Australia,2001,299.6066
Australia,2002,318.184
Australia,2003,334.7792
Australia,2004,344.4807
Australia,2005,343.9937
Australia,2006,356.0462
Australia,2007,367.3247
Australia,2008,362.791
Australia,2009,394.4264
Australia,2010,394.9818
Australia,2011,394.0387
Australia,2012,401.7004
Australia,2013,380.6256
Australia,2014,380.008
Australia,2015,381.7301
Australia,2016,371.3609
Australia,2017,377.1807
Australia,2018,364.8882
Australia,2019,362.1993
Australia,2020,353.4736
Australia,2021,338.3088
Austria,1990,89.4042
Austria,1991,91.0871
Austria,1992,93.1277
Austria,1993,89.0894
Austria,1994,88.8816
Austria,1995,93.0096
Austria,1996,101.0138
Austria,1997,95.1162
Austria,1998,98.4635
Austria,1999,96.8533
Austria,2000,92.0737
Austria,2001,96.5916
Austria,2002,95.1478
Austria,2003,100.9819
Austria,2004,104.7163
Austria,2005,106.7723
Austria,2006,110.0665
Austria,2007,105.5807
Austria,2008,103.7081
Austria,2009,95.2955
Austria,2010,101.2092
Austria,2011,103.1594
Austria,2012,99.5732
Austria,2013,94.9088
Austria,2014,95.3088
Austria,2015,89.0892
Austria,2016,92.3433
Austria,2017,91.8769
Austria,2018,91.2308
Austria,2019,89.1511
Austria,2020,80.8228
Austria,2021,88.1721
Azerbaijan,1990,28.0166
Azerbaijan,1991,21.3636
Azerbaijan,1992,13.2638
Azerbaijan,1993,24.0182
Azerbaijan,1994,18.9293
Azerbaijan,1995,23.2039
Azerbaijan,1996,28.3049
Azerbaijan,1997,25.6217
Azerbaijan,1998,30.1995
Azerbaijan,1999,26.8704
Azerbaijan,2000,23.812
Azerbaijan,2001,25.1909
Azerbaijan,2002,30.0815
Azerbaijan,2003,33.9319
Azerbaijan,2004,40.2723
Azerbaijan,2005,35.1684
Azerbaijan,2006,36.911
Azerbaijan,2007,30.7561
Azerbaijan,2008,33.7713
Azerbaijan,2009,31.883
Azerbaijan,2010,30.2496
Azerbaijan,2011,32.3164
Azerbaijan,2012,35.634
Azerbaijan,2013,36.3522
Azerbaijan,2014,37.2671
Azerbaijan,2015,37.1694
Azerbaijan,2016,35.5182
Azerbaijan,2017,34.2633
Azerbaijan,2018,35.3433
Azerbaijan,2019,37.8955
Azerbaijan,2020,37.781
Azerbaijan,2021,38.8493
Bahrain,1990,10.9728
Bahrain,1991,11.578
Bahrain,1992,11.1879
Bahrain,1993,15.6063
Bahrain,1994,14.2355
Bahrain,1995,14.3627
Bahrain,1996,14.7926
Bahrain,1997,14.2029
Bahrain,1998,16.0793
Bahrain,1999,9.6011
Bahrain,2000,11.0187
Bahrain,2001,9.7947
Bahrain,2002,10.874
Bahrain,2003,8.4535
Bahrain,2004,7.6225
Bahrain,2005,7.9786
Bahrain,2006,7.9664
Bahrain,2007,11.388
Bahrain,2008,13.4525
Bahrain,2009,17.0215
Bahrain,2010,18.1601
Bahrain,2011,12.5172
Bahrain,2012,12.3411
Bahrain,2013,12.5926
Bahrain,2014,14.4723
Bahrain,2015,18.221
Bahrain,2016,18.0661
Bahrain,2017,19.5307
Bahrain,2018,19.8945
Bahrain,2019,21.5953
Bahrain,2020,21.846
Bahrain,2021,18.0001
Bangladesh,1990,18.2863
Bangladesh,1991,19.3691
Bangladesh,1992,20.698
Bangladesh,1993,21.0029
Bangladesh,1994,23.2134
Bangladesh,1995,26.3772
Bangladesh,1996,27.21
Bangladesh,1997,29.1165
Bangladesh,1998,29.1344
Bangladesh,1999,30.2456
Bangladesh,2000,25.5828
Bangladesh,2001,29.4332
Bangladesh,2002,30.7747
Bangladesh,2003,34.4325
Bangladesh,2004,36.86
Bangladesh,2005,38.8618
Bangladesh,2006,41.5706
Bangladesh,2007,42.2711
Bangladesh,2008,44.6862
Bangladesh,2009,48.7155
Bangladesh,2010,52.9195
Bangladesh,2011,54.1714
Bangladesh,2012,61.4878
Bangladesh,2013,61.0313
Bangladesh,2014,104.708
Bangladesh,2015,73.0835
Bangladesh,2016,113.6824
Bangladesh,2017,121.9327
Bangladesh,2018,127.6432
Bangladesh,2019,147.2309
Bangladesh,2020,140.3188
Bangladesh,2021,149.8676
Belarus,1990,61.7378
Belarus,1991,66.969
Belarus,1992,45.3408
Belarus,1993,38.2318
Belarus,1994,30.2837
Belarus,1995,34.9125
Belarus,1996,48.1119
Belarus,1997,45.2824
Belarus,1998,71.4387
Belarus,1999,67.908
Belarus,2000,42.09
Belarus,2001,39.2908
Belarus,2002,39.2652
Belarus,2003,40.6072
Belarus,2004,41.7799
Belarus,2005,43.0102
Belarus,2006,46.9027
Belarus,2007,49.3556
Belarus,2008,52.1008
Belarus,2009,56.4313
Belarus,2010,61.7597
Belarus,2011,51.0565
Belarus,2012,63.6434
Belarus,2013,66.3798
Belarus,2014,63.0083
Belarus,2015,60.0191
Belarus,2016,58.7478
Belarus,2017,59.9157
Belarus,2018,63.4547
Belarus,2019,62.9923
Belarus,2020,58.5292
Belarus,2021,61.4862
Belgium,1990,154.9632
Belgium,1991,155.6893
Belgium,1992,172.4131
Belgium,1993,162.7604
Belgium,1994,162.6729
Belgium,1995,166.6126
Belgium,1996,165.5672
Belgium,1997,170.6137
Belgium,1998,180.6682
Belgium,1999,187.8725
Belgium,2000,190.4231
Belgium,2001,189.3492
Belgium,2002,193.9678
Belgium,2003,206.6926
Belgium,2004,218.6602
Belgium,2005,226.2349
Belgium,2006,225.9104
Belgium,2007,234.7066
Belgium,2008,234.2796
Belgium,2009,200.5384
Belgium,2010,216.1015
Belgium,2011,219.903
Belgium,2012,209.2644
Belgium,2013,209.9512
Belgium,2014,212.1875
Belgium,2015,208.3737
Belgium,2016,208.1328
Belgium,2017,201.3014
Belgium,2018,208.551
Belgium,2019,201.2475
Belgium,2020,178.8324
Belgium,2021,199.6432
Benin,1990,0.9316
Benin,1991,0.9886
Benin,1992,1.0383
Benin,1993,1.1587
Benin,1994,1.3396
Benin,1995,1.429
Benin,1996,1.7009
Benin,1997,1.9031
Benin,1998,2.0021
Benin,1999,2.0035
Benin,2000,2.3933
Benin,2001,3.0856
Benin,2002,3.2762
Benin,2003,3.7265
Benin,2004,3.5106
Benin,2005,3.7547
Benin,2006,5.7234
Benin,2007,6.3351
Benin,2008,7.53
Benin,2009,6.4596
Benin,2010,7.1878
Benin,2011,8.9506
Benin,2012,7.2135
Benin,2013,7.7063
Benin,2014,7.6464
Benin,2015,7.8155
Benin,2016,7.6537
Benin,2017,7.702
Benin,2018,7.9154
Benin,2019,7.467
Benin,2020,8.5255
Benin,2021,9.2392
Bolivia,1990,8.6421
Bolivia,1991,9.1528
Bolivia,1992,9.8431
Bolivia,1993,10.3488
Bolivia,1994,8.5631
Bolivia,1995,8.0663
Bolivia,1996,8.9373
Bolivia,1997,10.9402
Bolivia,1998,10.8917
Bolivia,1999,11.4088
Bolivia,2000,8.6889
Bolivia,2001,8.8695
Bolivia,2002,10.7916
Bolivia,2003,10.1896
Bolivia,2004,9.9146
Bolivia,2005,10.6695
Bolivia,2006,10.9791
Bolivia,2007,11.4724
Bolivia,2008,12.0807
Bolivia,2009,12.5663
Bolivia,2010,13.0498
Bolivia,2011,14.5631
Bolivia,2012,16.2469
Bolivia,2013,17.1545
Bolivia,2014,19.6105
Bolivia,2015,20.3739
Bolivia,2016,21.6502
Bolivia,2017,22.5338
Bolivia,2018,22.6172
Bolivia,2019,22.8708
Bolivia,2020,19.4844
Bolivia,2021,22.2414
Botswana,1990,2.7004
Botswana,1991,2.6344
Botswana,1992,2.7773
Botswana,1993,3.195
Botswana,1994,3.0301
Botswana,1995,3.0448
Botswana,1996,2.7553
Botswana,1997,2.7993
Botswana,1998,3.3416
Botswana,1999,3.1584
Botswana,2000,3.2827
Botswana,2001,3.1876
Botswana,2002,4.3439
Botswana,2003,2.597
Botswana,2004,2.6543
Botswana,2005,2.6488
Botswana,2006,2.321
Botswana,2007,2.7249
Botswana,2008,3.3351
Botswana,2009,3.8526
Botswana,2010,10.0815
Botswana,2011,12.6013
Botswana,2012,11.9159
Botswana,2013,12.009
Botswana,2014,13.5755
Botswana,2015,12.782
Botswana,2016,13.2571
Botswana,2017,11.4227
Botswana,2018,11.6331
Botswana,2019,11.8161
Botswana,2020,10.9037
Botswana,2021,11.4623
Brazil,1990,245.447
Brazil,1991,251.9369
Brazil,1992,253.8674
Brazil,1993,262.4883
Brazil,1994,275.8632
Brazil,1995,298.7356
Brazil,1996,321.9851
Brazil,1997,342.5376
Brazil,1998,349.4152
Brazil,1999,333.1095
Brazil,2000,350.2732
Brazil,2001,343.0854
Brazil,2002,331.6082
Brazil,2003,324.0317
Brazil,2004,336.3889
Brazil,2005,350.0106
Brazil,2006,359.2336
Brazil,2007,392.9658
Brazil,2008,443.2028
Brazil,2009,413.8255
Brazil,2010,484.823
Brazil,2011,519.2114
Brazil,2012,553.398
Brazil,2013,591.1186
Brazil,2014,612.3221
Brazil,2015,548.1358
Brazil,2016,487.8708
Brazil,2017,498.5143
Brazil,2018,478.3307
Brazil,2019,476.5654
Brazil,2020,427.5639
Brazil,2021,462.2227
Bulgaria,1990,61.3256
Bulgaria,1991,44.7014
Bulgaria,1992,42.1855
Bulgaria,1993,45.4585
Bulgaria,1994,41.5928
Bulgaria,1995,46.5602
Bulgaria,1996,48.864
Bulgaria,1997,46.5927
Bulgaria,1998,45.9022
Bulgaria,1999,41.5492
Bulgaria,2000,42.4139
Bulgaria,2001,45.3948
Bulgaria,2002,43.2308
Bulgaria,2003,46.2929
Bulgaria,2004,45.7542
Bulgaria,2005,48.5208
Bulgaria,2006,50.9018
Bulgaria,2007,54.0273
Bulgaria,2008,55.0005
Bulgaria,2009,44.9044
Bulgaria,2010,44.9377
Bulgaria,2011,46.9476
Bulgaria,2012,43.8756
Bulgaria,2013,38.1901
Bulgaria,2014,38.8759
Bulgaria,2015,40.5215
Bulgaria,2016,39.5439
Bulgaria,2017,41.0665
Bulgaria,2018,40.6232
Bulgaria,2019,39.5967
Bulgaria,2020,35.8897
Bulgaria,2021,40.5488
Burkina Faso,1990,0.80631
Burkina Faso,1991,0.85761
Burkina Faso,1992,0.86716
Burkina Faso,1993,0.86075
Burkina Faso,1994,0.89251
Burkina Faso,1995,0.90721
Burkina Faso,1996,0.93989
Burkina Faso,1997,1.0832
Burkina Faso,1998,1.7529
Burkina Faso,1999,2.2249
Burkina Faso,2000,1.3833
Burkina Faso,2001,1.5181
Burkina Faso,2002,1.4905
Burkina Faso,2003,1.5911
Burkina Faso,2004,1.7102
Burkina Faso,2005,1.6887
Burkina Faso,2006,1.9854
Burkina Faso,2007,2.2238
Burkina Faso,2008,2.2468
Burkina Faso,2009,2.9445
Burkina Faso,2010,3.1794
Burkina Faso,2011,2.816
Burkina Faso,2012,3.2812
Burkina Faso,2013,3.6909
Burkina Faso,2014,3.7862
Burkina Faso,2015,4.5038
Burkina Faso,2016,4.5016
Burkina Faso,2017,5.0053
Burkina Faso,2018,5.6224
Burkina Faso,2019,6.1384
Burkina Faso,2020,5.5179
Burkina Faso,2021,6.3775
Cambodia,1990,1.8543
Cambodia,1991,1.9275
Cambodia,1992,2.0235
Cambodia,1993,1.9835
Cambodia,1994,2.1205
Cambodia,1995,2.0644
Cambodia,1996,2.343
Cambodia,1997,2.2837
Cambodia,1998,2.8464
Cambodia,1999,2.7264
Cambodia,2000,4.8682
Cambodia,2001,5.6129
Cambodia,2002,7.1091
Cambodia,2003,6.4039
Cambodia,2004,7.9023
Cambodia,2005,9.6563
Cambodia,2006,10.6395
Cambodia,2007,11.1677
Cambodia,2008,13.2259
Cambodia,2009,11.6389
Cambodia,2010,15.7681
Cambodia,2011,22.188
Cambodia,2012,21.6842
Cambodia,2013,24.9974
Cambodia,2014,23.4069
Cambodia,2015,28.4935
Cambodia,2016,27.5623
Cambodia,2017,29.0482
Cambodia,2018,33.5322
Cambodia,2019,39.5321
Cambodia,2020,41.1849
Cambodia,2021,41.9326
Cameroon,1990,3.0552
Cameroon,1991,3.1056
Cameroon,1992,3.2864
Cameroon,1993,3.4557
Cameroon,1994,5.1453
Cameroon,1995,5.6153
Cameroon,1996,6.1115
Cameroon,1997,6.058
Cameroon,1998,6.0883
Cameroon,1999,5.1446
Cameroon,2000,6.1851
Cameroon,2001,6.8815
Cameroon,2002,7.6061
Cameroon,2003,6.4389
Cameroon,2004,6.1659
Cameroon,2005,6.2678
Cameroon,2006,6.2424
Cameroon,2007,7.4521
Cameroon,2008,7.7536
Cameroon,2009,9.7053
Cameroon,2010,9.6147
Cameroon,2011,9.2964
Cameroon,2012,9.8528
Cameroon,2013,9.6204
Cameroon,2014,10.598
Cameroon,2015,11.1369
Cameroon,2016,11.5251
Cameroon,2017,11.22
Cameroon,2018,10.4123
Cameroon,2019,10.1814
Cameroon,2020,10.547
Cameroon,2021,11.1094
Canada,1990,483.2796
Canada,1991,482.4551
Canada,1992,495.5597
Canada,1993,482.6828
Canada,1994,487.9124
Canada,1995,496.0282
Canada,1996,505.6096
Canada,1997,537.6964
Canada,1998,541.4175
Canada,1999,541.9654
Canada,2000,580.9138
Canada,2001,559.607
Canada,2002,582.8562
Canada,2003,577.3716
Canada,2004,584.0648
Canada,2005,608.9469
Canada,2006,576.086
Canada,2007,599.4547
Canada,2008,583.6857
Canada,2009,575.2104
Canada,2010,607.0995
Canada,2011,601.2814
Canada,2012,578.0359
Canada,2013,577.981
Canada,2014,558.7232
Canada,2015,541.3866
Canada,2016,521.4849
Canada,2017,527.7488
Canada,2018,528.4044
Canada,2019,524.4745
Canada,2020,481.2622
Canada,2021,502.0009
Chile,1990,32.0916
Chile,1991,30.9189
Chile,1992,33.2893
Chile,1993,35.5751
Chile,1994,38.2338
Chile,1995,41.4291
Chile,1996,48.3436
Chile,1997,55.0399
Chile,1998,56.0675
Chile,1999,59.8615
Chile,2000,59.6513
Chile,2001,53.5984
Chile,2002,56.3325
Chile,2003,53.9234
Chile,2004,57.1433
Chile,2005,60.8085
Chile,2006,64.0719
Chile,2007,70.0575
Chile,2008,79.9563
Chile,2009,64.1933
Chile,2010,73.6685
Chile,2011,84.3587
Chile,2012,88.6528
Chile,2013,89.8486
Chile,2014,83.0484
Chile,2015,86.1964
Chile,2016,87.4313
Chile,2017,88.1528
Chile,2018,92.2685
Chile,2019,97.6513
Chile,2020,83.1568
Chile,2021,94.6099
China,1990,2320.3457
China,1991,2399.879
China,1992,2575.9933
China,1993,2757.1119
China,1994,2750.0886
China,1995,2993.9536
China,1996,3125.3129
China,1997,3058.5594
China,1998,2959.7757
China,1999,3172.408
China,2000,3262.5266
China,2001,3358.1541
China,2002,3650.1182
China,2003,4077.7564
China,2004,4315.5932
China,2005,4717.7835
China,2006,5135.4528
China,2007,5545.4224
China,2008,5969.0575
China,2009,6721.3926
China,2010,7336.8006
China,2011,8137.908
China,2012,8498.2504
China,2013,8724.944
China,2014,8815.5545
China,2015,8868.1062
China,2016,8865.0278
China,2017,9142.4882
China,2018,9615.4181
China,2019,9932.7615
China,2020,9984.131
China,2021,10320.089
Colombia,1990,62.0265
Colombia,1991,60.5264
Colombia,1992,67.3992
Colombia,1993,69.1773
Colombia,1994,72.7073
Colombia,1995,66.9086
Colombia,1996,66.4686
Colombia,1997,72.3052
Colombia,1998,72.5801
Colombia,1999,56.2014
Colombia,2000,54.5279
Colombia,2001,55.3802
Colombia,2002,55.6562
Colombia,2003,57.7885
Colombia,2004,57.0529
Colombia,2005,63.5614
Colombia,2006,68.6158
Colombia,2007,71.6588
Colombia,2008,76.8227
Colombia,2009,79.0831
Colombia,2010,85.3398
Colombia,2011,88.1398
Colombia,2012,94.643
Colombia,2013,101.3684
Colombia,2014,113.5071
Colombia,2015,109.6019
Colombia,2016,109.5661
Colombia,2017,101.7358
Colombia,2018,97.9303
Colombia,2019,103.3842
Colombia,2020,99.0647
Colombia,2021,105.0011
Costa Rica,1990,5.163
Costa Rica,1991,5.2397
Costa Rica,1992,5.7413
Costa Rica,1993,5.7674
Costa Rica,1994,6.878
Costa Rica,1995,6.741
Costa Rica,1996,6.5983
Costa Rica,1997,7.0898
Costa Rica,1998,8.1293
Costa Rica,1999,9.6254
Costa Rica,2000,7.993
Costa Rica,2001,8.1119
Costa Rica,2002,10.5409
Costa Rica,2003,9.2334
Costa Rica,2004,9.582
Costa Rica,2005,9.5203
Costa Rica,2006,10.5906
Costa Rica,2007,12.0127
Costa Rica,2008,12.6411
Costa Rica,2009,10.4491
Costa Rica,2010,11.1219
Costa Rica,2011,12.2717
Costa Rica,2012,12.196
Costa Rica,2013,12.1719
Costa Rica,2014,12.098
Costa Rica,2015,12.0903
Costa Rica,2016,12.231
Costa Rica,2017,12.3568
Costa Rica,2018,12.7622
Costa Rica,2019,12.3432
Costa Rica,2020,10.9712
Costa Rica,2021,12.2628
Croatia,1990,21.0001
Croatia,1991,15.6492
Croatia,1992,18.1932
Croatia,1993,18.2037
Croatia,1994,17.8391
Croatia,1995,19.6972
Croatia,1996,19.7931
Croatia,1997,20.949
Croatia,1998,20.4752
Croatia,1999,21.9817
Croatia,2000,21.6537
Croatia,2001,24.4929
Croatia,2002,26.2056
Croatia,2003,25.3164
Croatia,2004,25.9132
Croatia,2005,25.8902
Croatia,2006,28.3202
Croatia,2007,29.6988
Croatia,2008,33.7191
Croatia,2009,25.6443
Croatia,2010,24.14
Croatia,2011,23.2375
Croatia,2012,23.4998
Croatia,2013,23.5361
Croatia,2014,19.1295
Croatia,2015,21.4854
Croatia,2016,22.5876
Croatia,2017,21.9072
Croatia,2018,24.2456
Croatia,2019,23.4862
Croatia,2020,22.5557
Croatia,2021,22.9712
Cyprus,1990,6.7918
Cyprus,1991,6.896
Cyprus,1992,8.3238
Cyprus,1993,7.572
Cyprus,1994,7.5731
Cyprus,1995,7.8118
Cyprus,1996,9.0384
Cyprus,1997,8.2085
Cyprus,1998,9.9155
Cyprus,1999,8.3937
Cyprus,2000,7.7037
Cyprus,2001,7.8697
Cyprus,2002,8.3588
Cyprus,2003,8.5757
Cyprus,2004,9.2762
Cyprus,2005,9.6635
Cyprus,2006,9.9006
Cyprus,2007,10.7543
Cyprus,2008,11.831
Cyprus,2009,8.7314
Cyprus,2010,8.6519
Cyprus,2011,8.3505
Cyprus,2012,8.1484
Cyprus,2013,6.494
Cyprus,2014,7.0817
Cyprus,2015,6.6914
Cyprus,2016,6.8679
Cyprus,2017,7.8306
Cyprus,2018,7.8036
Cyprus,2019,7.577
Cyprus,2020,6.38
Cyprus,2021,6.835
Czech Republic,1990,151.3546
Czech Republic,1991,130.585
Czech Republic,1992,148.2537
Czech Republic,1993,132.3959
Czech Republic,1994,125.4483
Czech Republic,1995,123.6076
Czech Republic,1996,122.421
Czech Republic,1997,118.74
Czech Republic,1998,114.3808
Czech Republic,1999,110.3333
Czech Republic,2000,120.4964
Czech Republic,2001,122.0121
Czech Republic,2002,124.903
Czech Republic,2003,120.9099
Czech Republic,2004,115.4583
Czech Republic,2005,110.3317
Czech Republic,2006,115.3542
Czech Republic,2007,121.7911
Czech Republic,2008,124.1837
Czech Republic,2009,114.1333
Czech Republic,2010,120.6591
Czech Republic,2011,115.7903
Czech Republic,2012,110.8035
Czech Republic,2013,108.9185
Czech Republic,2014,102.7098
Czech Republic,2015,104.4768
Czech Republic,2016,105.6584
Czech Republic,2017,110.7249
Czech Republic,2018,113.1568
Czech Republic,2019,108.7453
Czech Republic,2020,99.6424
Czech Republic,2021,109.1311
Côte d'Ivoire,1990,5.9582
Côte d'Ivoire,1991,5.5808
Côte d'Ivoire,1992,5.8191
Côte d'Ivoire,1993,6.5696
Côte d'Ivoire,1994,5.45
Côte d'Ivoire,1995,7.3989
Côte d'Ivoire,1996,7.2277
Côte d'Ivoire,1997,6.8673
Côte d'Ivoire,1998,8.7069
Côte d'Ivoire,1999,6.4128
Côte d'Ivoire,2000,6.9917
Côte d'Ivoire,2001,6.5437
Côte d'Ivoire,2002,5.2625
Côte d'Ivoire,2003,6.4276
Côte d'Ivoire,2004,7.5012
Côte d'Ivoire,2005,7.6385
Côte d'Ivoire,2006,8.0238
Côte d'Ivoire,2007,8.2104
Côte d'Ivoire,2008,8.2054
Côte d'Ivoire,2009,7.1213
Côte d'Ivoire,2010,8.0653
Côte d'Ivoire,2011,7.8497
Côte d'Ivoire,2012,11.1884
Côte d'Ivoire,2013,12.457
Côte d'Ivoire,2014,13.2491
Côte d'Ivoire,2015,13.1076
Côte d'Ivoire,2016,15.1841
Côte d'Ivoire,2017,15.1853
Côte d'Ivoire,2018,14.8315
Côte d'Ivoire,2019,14.805
Côte d'Ivoire,2020,14.5033
Côte d'Ivoire,2021,15.7247
Denmark,1990,62.0276
Denmark,1991,65.7578
Denmark,1992,69.396
Denmark,1993,67.0583
Denmark,1994,68.8122
Denmark,1995,68.1522
Denmark,1996,73.0392
Denmark,1997,67.4149
Denmark,1998,65.6505
Denmark,1999,69.436
Denmark,2000,65.6234
Denmark,2001,66.3534
Denmark,2002,66.465
Denmark,2003,67.6075
Denmark,2004,70.291
Denmark,2005,66.8426
Denmark,2006,72.5875
Denmark,2007,70.1363
Denmark,2008,68.3639
Denmark,2009,62.2224
Denmark,2010,62.3494
Denmark,2011,59.8536
Denmark,2012,52.8419
Denmark,2013,52.303
Denmark,2014,50.9613
Denmark,2015,49.0865
Denmark,2016,49.4898
Denmark,2017,49.2244
Denmark,2018,50.1463
Denmark,2019,46.4851
Denmark,2020,42.5082
Denmark,2021,46.6859
Dominican Republic,1990,9.3753
Dominican Republic,1991,9.9455
Dominican Republic,1992,10.8791
Dominican Republic,1993,11.4756
Dominican Republic,1994,12.1252
Dominican Republic,1995,14.9301
Dominican Republic,1996,16.3399
Dominican Republic,1997,17.6677
Dominican Republic,1998,19.572
Dominican Republic,1999,20.2591
Dominican Republic,2000,12.239
Dominican Republic,2001,34.1471
Dominican Republic,2002,28.825
Dominican Republic,2003,25.5268
Dominican Republic,2004,23.9075
Dominican Republic,2005,32.4949
Dominican Republic,2006,33.3526
Dominican Republic,2007,28.1379
Dominican Republic,2008,27.1996
Dominican Republic,2009,55.4289
Dominican Republic,2010,71.7197
Dominican Republic,2011,51.8535
Dominican Republic,2012,58.1827
Dominican Republic,2013,48.2482
Dominican Republic,2014,36.8263
Dominican Republic,2015,36.0665
Dominican Republic,2016,30.3858
Dominican Republic,2017,30.5842
Dominican Republic,2018,31.793
Dominican Republic,2019,33.5142
Dominican Republic,2020,29.0473
Dominican Republic,2021,30.2255
Ecuador,1990,16.1894
Ecuador,1991,15.6896
Ecuador,1992,19.8609
Ecuador,1993,22.5982
Ecuador,1994,15.0955
Ecuador,1995,22.385
Ecuador,1996,23.1976
Ecuador,1997,19.8365
Ecuador,1998,24.7714
Ecuador,1999,21.6617
Ecuador,2000,19.8229
Ecuador,2001,24.5828
Ecuador,2002,26.7957
Ecuador,2003,28.8593
Ecuador,2004,31.0898
Ecuador,2005,32.9746
Ecuador,2006,34.0405
Ecuador,2007,38.3472
Ecuador,2008,35.6649
Ecuador,2009,37.1923
Ecuador,2010,40.0841
Ecuador,2011,43.0587
Ecuador,2012,42.5617
Ecuador,2013,45.6158
Ecuador,2014,49.3219
Ecuador,2015,47.1752
Ecuador,2016,43.0396
Ecuador,2017,44.889
Ecuador,2018,45.2453
Ecuador,2019,46.7023
Ecuador,2020,39.2596
Ecuador,2021,46.3955
Egypt,1990,80.4049
Egypt,1991,76.319
Egypt,1992,85.1881
Egypt,1993,91.8646
Egypt,1994,90.4301
Egypt,1995,99.9299
Egypt,1996,101.4859
Egypt,1997,113.0671
Egypt,1998,129.7063
Egypt,1999,134.0855
Egypt,2000,137.2807
Egypt,2001,121.098
Egypt,2002,121.7213
Egypt,2003,137.6929
Egypt,2004,133.3757
Egypt,2005,149.4967
Egypt,2006,158.5564
Egypt,2007,172.4743
Egypt,2008,182.7718
Egypt,2009,199.0552
Egypt,2010,202.1114
Egypt,2011,213.1898
Egypt,2012,221.3838
Egypt,2013,213.6337
Egypt,2014,240.4944
Egypt,2015,247.0495
Egypt,2016,260.1878
Egypt,2017,257.0087
Egypt,2018,242.8256
Egypt,2019,253.7612
Egypt,2020,234.8647
Egypt,2021,265.2541
El Salvador,1990,4.1069
El Salvador,1991,4.6919
El Salvador,1992,5.0106
El Salvador,1993,5.4394
El Salvador,1994,6.0549
El Salvador,1995,6.6317
El Salvador,1996,6.1124
El Salvador,1997,7.2402
El Salvador,1998,8.1651
El Salvador,1999,7.9124
El Salvador,2000,8.305
El Salvador,2001,8.3278
El Salvador,2002,8.2825
El Salvador,2003,8.4417
El Salvador,2004,7.9944
El Salvador,2005,8.2546
El Salvador,2006,9.1522
El Salvador,2007,9.1283
El Salvador,2008,8.8785
El Salvador,2009,7.9027
El Salvador,2010,7.9224
El Salvador,2011,8.3826
El Salvador,2012,7.9456
El Salvador,2013,7.8954
El Salvador,2014,7.9788
El Salvador,2015,8.5987
El Salvador,2016,8.4926
El Salvador,2017,7.8477
El Salvador,2018,8.7593
El Salvador,2019,9.5056
El Salvador,2020,8.5964
El Salvador,2021,9.5873
Estonia,1990,31.3616
Estonia,1991,30.27
Estonia,1992,24.0174
Estonia,1993,17.9394
Estonia,1994,16.6316
Estonia,1995,15.6738
Estonia,1996,16.7556
Estonia,1997,15.9563
Estonia,1998,17.0483
Estonia,1999,19.7841
Estonia,2000,20.3198
Estonia,2001,18.9454
Estonia,2002,19.8213
Estonia,2003,20.7024
Estonia,2004,20.8221
Estonia,2005,19.3523
Estonia,2006,21.1978
Estonia,2007,21.2405
Estonia,2008,17.5007
Estonia,2009,14.0705
Estonia,2010,17.2448
Estonia,2011,19.5342
Estonia,2012,17.6101
Estonia,2013,17.1777
Estonia,2014,17.3181
Estonia,2015,17.9912
Estonia,2016,16.5905
Estonia,2017,16.8411
Estonia,2018,18.0121
Estonia,2019,14.644
Estonia,2020,12.4583
Estonia,2021,13.9028
Ethiopia,1990,3.9343
Ethiopia,1991,3.9846
Ethiopia,1992,4.0683
Ethiopia,1993,4.0735
Ethiopia,1994,3.3628
Ethiopia,1995,3.7015
Ethiopia,1996,3.9648
Ethiopia,1997,4.4035
Ethiopia,1998,5.1664
Ethiopia,1999,5.0453
Ethiopia,2000,3.808
Ethiopia,2001,4.4297
Ethiopia,2002,3.8564
Ethiopia,2003,4.0727
Ethiopia,2004,4.1201
Ethiopia,2005,4.0715
Ethiopia,2006,4.5087
Ethiopia,2007,4.8256
Ethiopia,2008,5.338
Ethiopia,2009,5.6066
Ethiopia,2010,5.0211
Ethiopia,2011,5.5187
Ethiopia,2012,7.4881
Ethiopia,2013,8.2635
Ethiopia,2014,10.5714
Ethiopia,2015,11.4371
Ethiopia,2016,13.1354
Ethiopia,2017,20.2353
Ethiopia,2018,19.5485
Ethiopia,2019,20.1924
Ethiopia,2020,21.0494
Ethiopia,2021,22.6482
Finland,1990,80.6968
Finland,1991,74.5542
Finland,1992,103.6607
Finland,1993,85.1375
Finland,1994,78.3322
Finland,1995,75.2725
Finland,1996,74.7741
Finland,1997,73.4993
Finland,1998,71.5262
Finland,1999,74.1792
Finland,2000,79.0698
Finland,2001,81.2482
Finland,2002,81.5632
Finland,2003,89.439
Finland,2004,85.329
Finland,2005,80.7582
Finland,2006,89.7046
Finland,2007,88.7214
Finland,2008,82.6744
Finland,2009,69.7937
Finland,2010,82.6238
Finland,2011,70.7068
Finland,2012,67.7638
Finland,2013,66.4976
Finland,2014,61.4476
Finland,2015,55.1228
Finland,2016,57.1064
Finland,2017,55.4802
Finland,2018,57.8684
Finland,2019,53.2517
Finland,2020,48.0915
Finland,2021,51.6973
France,1990,493.0799
France,1991,504.3273
France,1992,545.9378
France,1993,504.5071
France,1994,492.3547
France,1995,502.0712
France,1996,504.5977
France,1997,490.0376
France,1998,509.897
France,1999,513.189
France,2000,519.2308
France,2001,518.7915
France,2002,511.183
France,2003,521.5939
France,2004,542.4554
France,2005,551.6565
France,2006,550.4302
France,2007,550.3061
France,2008,543.7679
France,2009,504.9643
France,2010,503.2685
France,2011,501.1046
France,2012,479.5542
France,2013,466.5848
France,2014,434.5848
France,2015,422.465
France,2016,429.5943
France,2017,427.4135
France,2018,426.5429
France,2019,413.9633
France,2020,375.6406
France,2021,415.8295
Georgia,1990,9.8966
Georgia,1991,11.3498
Georgia,1992,9.4164
Georgia,1993,8.0713
Georgia,1994,4.9191
Georgia,1995,2.2772
Georgia,1996,7.7887
Georgia,1997,6.9456
Georgia,1998,7.522
Georgia,1999,6.1036
Georgia,2000,6.1263
Georgia,2001,5.7616
Georgia,2002,5.3664
Georgia,2003,5.8221
Georgia,2004,7.4298
Georgia,2005,8.7776
Georgia,2006,8.9662
Georgia,2007,10.1381
Georgia,2008,9.2545
Georgia,2009,7.5469
Georgia,2010,7.9127
Georgia,2011,10.0633
Georgia,2012,10.8621
Georgia,2013,10.4118
Georgia,2014,11.2551
Georgia,2015,11.715
Georgia,2016,11.5875
Georgia,2017,11.2506
Georgia,2018,12.4685
Georgia,2019,11.9714
Georgia,2020,12.8755
Georgia,2021,13.7731
Germany,1990,1194.9259
Germany,1991,1144.3215
Germany,1992,1207.4376
Germany,1993,1160.4225
Germany,1994,1134.9804
Germany,1995,1140.0182
Germany,1996,1123.9026
Germany,1997,1078.2583
Germany,1998,1080.4945
Germany,1999,1089.6464
Germany,2000,1083.6522
Germany,2001,1080.1825
Germany,2002,1027.0031
Germany,2003,1067.2654
Germany,2004,1050.7237
Germany,2005,1049.215
Germany,2006,1042.7317
Germany,2007,1040.3661
Germany,2008,1038.4318
Germany,2009,972.5804
Germany,2010,1022.1131
Germany,2011,981.7908
Germany,2012,917.2108
Germany,2013,929.1365
Germany,2014,906.1485
Germany,2015,893.4638
Germany,2016,909.227
Germany,2017,898.0942
Germany,2018,883.2586
Germany,2019,841.3802
Germany,2020,773.2774
Germany,2021,830.5097
Ghana,1990,4.5897
Ghana,1991,4.9908
Ghana,1992,4.4004
Ghana,1993,4.9472
Ghana,1994,5.7047
Ghana,1995,5.8716
Ghana,1996,7.0526
Ghana,1997,8.6446
Ghana,1998,8.2499
Ghana,1999,9.5803
Ghana,2000,7.9539
Ghana,2001,8.591
Ghana,2002,8.2536
Ghana,2003,9.5825
Ghana,2004,9.4517
Ghana,2005,10.2631
Ghana,2006,12.8137
Ghana,2007,13.4714
Ghana,2008,13.8545
Ghana,2009,11.7662
Ghana,2010,14.0313
Ghana,2011,17.4975
Ghana,2012,22.2517
Ghana,2013,20.3292
Ghana,2014,21.06
Ghana,2015,22.0858
Ghana,2016,19.9498
Ghana,2017,19.1504
Ghana,2018,19.9461
Ghana,2019,20.2379
Ghana,2020,23.8609
Ghana,2021,24.9764
Greece,1990,96.4799
Greece,1991,95.4116
Greece,1992,104.6404
Greece,1993,99.4296
Greece,1994,99.3388
Greece,1995,100.5874
Greece,1996,98.9541
Greece,1997,100.1457
Greece,1998,107.4005
Greece,1999,103.4753
Greece,2000,104.5438
Greece,2001,106.4069
Greece,2002,109.4515
Greece,2003,97.3129
Greece,2004,93.8997
Greece,2005,93.6175
Greece,2006,96.0116
Greece,2007,96.9929
Greece,2008,97.1957
Greece,2009,105.9813
Greece,2010,91.908
Greece,2011,82.4421
Greece,2012,74.6266
Greece,2013,63.3638
Greece,2014,59.5369
Greece,2015,55.8843
Greece,2016,57.0715
Greece,2017,56.6814
Greece,2018,57.6154
Greece,2019,52.4563
Greece,2020,51.6984
Greece,2021,50.9052
Guatemala,1990,6.7964
Guatemala,1991,6.8053
Guatemala,1992,8.0974
Guatemala,1993,7.5906
Guatemala,1994,8.6332
Guatemala,1995,9.1772
Guatemala,1996,8.8162
Guatemala,1997,10.2028
Guatemala,1998,12.1129
Guatemala,1999,12.0999
Guatemala,2000,23.0034
Guatemala,2001,8.776
Guatemala,2002,9.3139
Guatemala,2003,9.1129
Guatemala,2004,9.4779
Guatemala,2005,10.1653
Guatemala,2006,11.1978
Guatemala,2007,10.9258
Guatemala,2008,10.0499
Guatemala,2009,10.0643
Guatemala,2010,10.33
Guatemala,2011,9.5682
Guatemala,2012,9.632
Guatemala,2013,10.7336
Guatemala,2014,11.4027
Guatemala,2015,13.434
Guatemala,2016,14.2493
Guatemala,2017,15.3194
Guatemala,2018,23.1222
Guatemala,2019,23.889
Guatemala,2020,21.4252
Guatemala,2021,24.1625
Guinea,1990,1.0039
Guinea,1991,1.0259
Guinea,1992,1.0589
Guinea,1993,1.0882
Guinea,1994,1.1248
Guinea,1995,1.1652
Guinea,1996,1.2348
Guinea,1997,1.2897
Guinea,1998,1.363
Guinea,1999,1.4326
Guinea,2000,1.315
Guinea,2001,1.2675
Guinea,2002,1.3023
Guinea,2003,2.7421
Guinea,2004,1.6925
Guinea,2005,1.7475
Guinea,2006,1.7808
Guinea,2007,1.8591
Guinea,2008,1.9496
Guinea,2009,3.2799
Guinea,2010,4.3421
Guinea,2011,4.7474
Guinea,2012,4.5797
Guinea,2013,2.0562
Guinea,2014,2.0638
Guinea,2015,2.4112
Guinea,2016,5.1152
Guinea,2017,5.1588
Guinea,2018,5.1991
Guinea,2019,5.8812
Guinea,2020,5.5884
Guinea,2021,6.1251
Honduras,1990,3.3294
Honduras,1991,3.4027
Honduras,1992,3.8265
Honduras,1993,3.8241
Honduras,1994,4.0208
Honduras,1995,4.4615
Honduras,1996,4.7788
Honduras,1997,5.3904
Honduras,1998,6.2724
Honduras,1999,6.7441
Honduras,2000,3.9545
Honduras,2001,4.1886
Honduras,2002,4.3327
Honduras,2003,5.3131
Honduras,2004,5.602
Honduras,2005,5.3564
Honduras,2006,6.3878
Honduras,2007,6.7859
Honduras,2008,13.9481
Honduras,2009,6.9718
Honduras,2010,6.6942
Honduras,2011,6.864
Honduras,2012,6.9836
Honduras,2013,17.5249
Honduras,2014,7.3167
Honduras,2015,8.1385
Honduras,2016,7.6857
Honduras,2017,8.1184
Honduras,2018,7.9806
Honduras,2019,9.0892
Honduras,2020,7.9199
Honduras,2021,8.907
Hong Kong,1990,86.0872
Hong Kong,1991,91.9849
Hong Kong,1992,100.0206
Hong Kong,1993,95.9444
Hong Kong,1994,121.6244
Hong Kong,1995,127.0465
Hong Kong,1996,122.8444
Hong Kong,1997,137.4313
Hong Kong,1998,115.8318
Hong Kong,1999,106.0415
Hong Kong,2000,84.3922
Hong Kong,2001,77.5805
Hong Kong,2002,75.7046
Hong Kong,2003,83.1757
Hong Kong,2004,82.4044
Hong Kong,2005,88.1087
Hong Kong,2006,87.375
Hong Kong,2007,85.9047
Hong Kong,2008,85.3388
Hong Kong,2009,72.0987
Hong Kong,2010,80.0327
Hong Kong,2011,97.0776
Hong Kong,2012,108.327
Hong Kong,2013,122.2521
Hong Kong,2014,113.2993
Hong Kong,2015,91.009
Hong Kong,2016,84.1135
Hong Kong,2017,86.4114
Hong Kong,2018,85.7093
Hong Kong,2019,85.4205
Hong Kong,2020,82.5485
Hong Kong,2021,90.1682
Hungary,1990,91.8032
Hungary,1991,83.6616
Hungary,1992,95.2443
Hungary,1993,87.2771
Hungary,1994,79.7185
Hungary,1995,76.3427
Hungary,1996,70.4696
Hungary,1997,69.9176
Hungary,1998,71.1997
Hungary,1999,72.0498
Hungary,2000,73.2477
Hungary,2001,76.797
Hungary,2002,75.1199
Hungary,2003,81.4826
Hungary,2004,79.6794
Hungary,2005,78.3251
Hungary,2006,78.8432
Hungary,2007,82.2345
Hungary,2008,83.4929
Hungary,2009,69.3409
Hungary,2010,72.1559
Hungary,2011,69.2553
Hungary,2012,61.7641
Hungary,2013,60.6431
Hungary,2014,57.8835
Hungary,2015,59.2738
Hungary,2016,60.573
Hungary,2017,65.5699
Hungary,2018,66.9146
Hungary,2019,65.2841
Hungary,2020,60.6808
Hungary,2021,65.6492
India,1990,575.4341
India,1991,596.7857
India,1992,646.561
India,1993,651.9369
India,1994,683.3964
India,1995,719.1889
India,1996,768.326
India,1997,804.0692
India,1998,819.7006
India,1999,906.62
India,2000,908.1718
India,2001,914.3199
India,2002,928.847
India,2003,981.8549
India,2004,1036.0518
India,2005,1096.3856
India,2006,1178.8836
India,2007,1296.3568
India,2008,1380.9655
India,2009,1525.2429
India,2010,1577.6659
India,2011,1631.1007
India,2012,1789.875
India,2013,1781.3894
India,2014,1959.8188
India,2015,2095.2013
India,2016,2179.2205
India,2017,2273.49
India,2018,2425.2545
India,2019,2447.5119
India,2020,2247.7323
India,2021,2447.7245
Indonesia,1990,146.6946
Indonesia,1991,160.3351
Indonesia,1992,184.6111
Indonesia,1993,194.1607
Indonesia,1994,199.6591
Indonesia,1995,204.5122
Indonesia,1996,229.1961
Indonesia,1997,246.9038
Indonesia,1998,153.7544
Indonesia,1999,247.3238
Indonesia,2000,239.9507
Indonesia,2001,266.2621
Indonesia,2002,275.4821
Indonesia,2003,317.0351
Indonesia,2004,322.4623
Indonesia,2005,328.1959
Indonesia,2006,329.626
Indonesia,2007,367.9331
Indonesia,2008,367.9897
Indonesia,2009,395.3022
Indonesia,2010,445.4432
Indonesia,2011,503.8329
Indonesia,2012,537.8159
Indonesia,2013,512.9293
Indonesia,2014,509.9855
Indonesia,2015,545.7187
Indonesia,2016,549.2328
Indonesia,2017,563.7483
Indonesia,2018,605.4201
Indonesia,2019,660.6326
Indonesia,2020,622.6042
Indonesia,2021,624.0075
Iran,1990,202.0486
Iran,1991,213.0998
Iran,1992,218.9843
Iran,1993,212.7883
Iran,1994,233.3044
Iran,1995,247.334
Iran,1996,262.3012
Iran,1997,266.2714
Iran,1998,305.87
Iran,1999,322.528
Iran,2000,288.2788
Iran,2001,311.2446
Iran,2002,299.8417
Iran,2003,361.1405
Iran,2004,386.0002
Iran,2005,397.8963
Iran,2006,432.7232
Iran,2007,487.3376
Iran,2008,510.4693
Iran,2009,515.7209
Iran,2010,480.8536
Iran,2011,487.2252
Iran,2012,544.7701
Iran,2013,507.0838
Iran,2014,546.681
Iran,2015,594.1607
Iran,2016,553.0046
Iran,2017,594.0992
Iran,2018,602.0824
Iran,2019,621.751
Iran,2020,623.214
Iran,2021,619.0075
Ireland,1990,39.5469
Ireland,1991,41.274
Ireland,1992,42.9931
Ireland,1993,40.5459
Ireland,1994,41.166
Ireland,1995,42.172
Ireland,1996,50.0121
Ireland,1997,49.1271
Ireland,1998,49.0632
Ireland,1999,55.2991
Ireland,2000,54.4
Ireland,2001,56.6614
Ireland,2002,58.0004
Ireland,2003,72.1072
Ireland,2004,66.6516
Ireland,2005,72.6129
Ireland,2006,72.0981
Ireland,2007,72.6221
Ireland,2008,65.2442
Ireland,2009,52.8219
Ireland,2010,50.0525
Ireland,2011,47.8673
Ireland,2012,46.7512
Ireland,2013,46.5045
Ireland,2014,47.1449
Ireland,2015,46.3933
Ireland,2016,48.9911
Ireland,2017,49.8011
Ireland,2018,50.5705
Ireland,2019,50.0402
Ireland,2020,43.8208
Ireland,2021,46.5106
Israel,1990,49.4125
Israel,1991,49.9744
Israel,1992,57.9102
Israel,1993,58.102
Israel,1994,61.0243
Israel,1995,64.5247
Israel,1996,66.6217
Israel,1997,69.1788
Israel,1998,70.7122
Israel,1999,63.1827
Israel,2000,67.8979
Israel,2001,69.4949
Israel,2002,67.2735
Israel,2003,76.4694
Israel,2004,76.0294
Israel,2005,73.6343
Israel,2006,80.703
Israel,2007,81.17
Israel,2008,90.7443
Israel,2009,79.9634
Israel,2010,85.1797
Israel,2011,87.3731
Israel,2012,88.0336
Israel,2013,79.3832
Israel,2014,81.3431
Israel,2015,80.3041
Israel,2016,80.4574
Israel,2017,77.4484
Israel,2018,81.5332
Israel,2019,79.274
Israel,2020,73.694
Israel,2021,77.7811
Italy,1990,567.2078
Italy,1991,561.2953
Italy,1992,611.7577
Italy,1993,558.9549
Italy,1994,542.8139
Italy,1995,563.3056
Italy,1996,531.125
Italy,1997,535.6993
Italy,1998,545.3939
Italy,1999,561.2632
Italy,2000,573.7594
Italy,2001,562.3229
Italy,2002,575.8411
Italy,2003,591.694
Italy,2004,608.8436
Italy,2005,618.6621
Italy,2006,640.4515
Italy,2007,627.4251
Italy,2008,615.452
Italy,2009,565.2159
Italy,2010,604.1361
Italy,2011,582.3904
Italy,2012,528.4203
Italy,2013,491.3502
Italy,2014,472.02
Italy,2015,454.3642
Italy,2016,441.3238
Italy,2017,446.3299
Italy,2018,451.0339
Italy,2019,434.536
Italy,2020,386.875
Italy,2021,433.4868
Jamaica,1990,7.464
Jamaica,1991,7.4406
Jamaica,1992,7.1184
Jamaica,1993,7.8056
Jamaica,1994,7.606
Jamaica,1995,8.7046
Jamaica,1996,7.2891
Jamaica,1997,7.9451
Jamaica,1998,9.963
Jamaica,1999,9.6773
Jamaica,2000,6.6112
Jamaica,2001,7.1719
Jamaica,2002,7.1704
Jamaica,2003,7.3215
Jamaica,2004,6.7905
Jamaica,2005,6.9714
Jamaica,2006,7.5661
Jamaica,2007,7.5593
Jamaica,2008,7.0228
Jamaica,2009,5.5094
Jamaica,2010,5.5671
Jamaica,2011,5.8861
Jamaica,2012,5.627
Jamaica,2013,6.0056
Jamaica,2014,6.0438
Jamaica,2015,6.4551
Jamaica,2016,6.9948
Jamaica,2017,6.305
Jamaica,2018,7.3475
Jamaica,2019,7.1644
Jamaica,2020,6.8864
Jamaica,2021,7.0015
Japan,1990,1317.4501
Japan,1991,1336.0282
Japan,1992,1423.0104
Japan,1993,1394.221
Japan,1994,1467.884
Japan,1995,1499.387
Japan,1996,1492.7684
Japan,1997,1468.3487
Japan,1998,1373.4956
Japan,1999,1465.246
Japan,2000,1548.7398
Japan,2001,1511.9644
Japan,2002,1501.6861
Japan,2003,1527.0046
Japan,2004,1535.1673
Japan,2005,1543.1842
Japan,2006,1516.2575
Japan,2007,1524.4146
Japan,2008,1502.7087
Japan,2009,1395.9064
Japan,2010,1447.5694
Japan,2011,1528.1672
Japan,2012,1586.0507
Japan,2013,1533.3808
Japan,2014,1445.3329
Japan,2015,1360.2823
Japan,2016,1331.7159
Japan,2017,1310.3626
Japan,2018,1281.3903
Japan,2019,1250.9112
Japan,2020,1188.2079
Japan,2021,1224.9119
Jordan,1990,16.1882
Jordan,1991,14.4926
Jordan,1992,17.0938
Jordan,1993,16.4226
Jordan,1994,17.971
Jordan,1995,18.4549
Jordan,1996,15.0196
Jordan,1997,17.6054
Jordan,1998,18.1082
Jordan,1999,17.2851
Jordan,2000,17.7
Jordan,2001,19.651
Jordan,2002,20.5457
Jordan,2003,19.9449
Jordan,2004,21.9814
Jordan,2005,24.4796
Jordan,2006,24.3946
Jordan,2007,25.8294
Jordan,2008,28.6001
Jordan,2009,30.2544
Jordan,2010,27.2117
Jordan,2011,29.9897
Jordan,2012,34.3107
Jordan,2013,35.5315
Jordan,2014,35.7285
Jordan,2015,35.4849
Jordan,2016,31.9616
Jordan,2017,31.8146
Jordan,2018,31.542
Jordan,2019,30.601
Jordan,2020,27.8318
Jordan,2021,30.0395
Kazakhstan,1990,279.7045
Kazakhstan,1991,207.408
Kazakhstan,1992,128.3524
Kazakhstan,1993,164.7632
Kazakhstan,1994,142.174
Kazakhstan,1995,129.6404
Kazakhstan,1996,114.7825
Kazakhstan,1997,107.4874
Kazakhstan,1998,113.3203
Kazakhstan,1999,97.7102
Kazakhstan,2000,103.0442
Kazakhstan,2001,116.4281
Kazakhstan,2002,124.4726
Kazakhstan,2003,124.549
Kazakhstan,2004,130.4675
Kazakhstan,2005,142.1384
Kazakhstan,2006,162.2818
Kazakhstan,2007,174.0921
Kazakhstan,2008,158.9008
Kazakhstan,2009,153.8318
Kazakhstan,2010,138.8896
Kazakhstan,2011,126.1061
Kazakhstan,2012,129.3324
Kazakhstan,2013,154.0351
Kazakhstan,2014,155.4249
Kazakhstan,2015,195.8553
Kazakhstan,2016,179.348
Kazakhstan,2017,187.824
Kazakhstan,2018,171.897
Kazakhstan,2019,161.7159
Kazakhstan,2020,172.1773
Kazakhstan,2021,164.0214
Kenya,1990,8.1786
Kenya,1991,7.3239
Kenya,1992,8.4371
Kenya,1993,8.7456
Kenya,1994,9.0852
Kenya,1995,10.3397
Kenya,1996,9.4797
Kenya,1997,9.3779
Kenya,1998,13.0089
Kenya,1999,11.2104
Kenya,2000,11.9545
Kenya,2001,12.1132
Kenya,2002,10.1077
Kenya,2003,9.4168
Kenya,2004,10.0444
Kenya,2005,11.6253
Kenya,2006,13.2422
Kenya,2007,14.2392
Kenya,2008,15.121
Kenya,2009,17.189
Kenya,2010,17.0812
Kenya,2011,19.4775
Kenya,2012,20.4716
Kenya,2013,23.4404
Kenya,2014,27.7719
Kenya,2015,27.6662
Kenya,2016,27.5595
Kenya,2017,26.3666
Kenya,2018,27.742
Kenya,2019,28.6033
Kenya,2020,30.0771
Kenya,2021,33.3441
Kuwait,1990,39.0631
Kuwait,1991,22.6057
Kuwait,1992,33.6704
Kuwait,1993,48.1168
Kuwait,1994,54.185
Kuwait,1995,53.0191
Kuwait,1996,44.887
Kuwait,1997,49.2207
Kuwait,1998,54.3604
Kuwait,1999,44.1648
Kuwait,2000,33.1983
Kuwait,2001,39.4127
Kuwait,2002,45.2782
Kuwait,2003,51.8773
Kuwait,2004,53.1087
Kuwait,2005,65.6703
Kuwait,2006,63.9025
Kuwait,2007,67.7484
Kuwait,2008,71.4853
Kuwait,2009,76.7381
Kuwait,2010,78.5634
Kuwait,2011,76.015
Kuwait,2012,79.6061
Kuwait,2013,76.5848
Kuwait,2014,75.5303
Kuwait,2015,96.612
Kuwait,2016,107.235
Kuwait,2017,100.029
Kuwait,2018,103.3264
Kuwait,2019,107.4788
Kuwait,2020,100.0932
Kuwait,2021,104.2653
Kyrgyzstan,1990,19.7932
Kyrgyzstan,1991,17.4719
Kyrgyzstan,1992,17.9324
Kyrgyzstan,1993,13.2673
Kyrgyzstan,1994,10.7158
Kyrgyzstan,1995,10.8003
Kyrgyzstan,1996,8.7983
Kyrgyzstan,1997,5.3261
Kyrgyzstan,1998,10.8234
Kyrgyzstan,1999,5.8196
Kyrgyzstan,2000,6.1839
Kyrgyzstan,2001,4.719
Kyrgyzstan,2002,5.6419
Kyrgyzstan,2003,5.2318
Kyrgyzstan,2004,6.6424
Kyrgyzstan,2005,7.3925
Kyrgyzstan,2006,8.6651
Kyrgyzstan,2007,9.6154
Kyrgyzstan,2008,16.2684
Kyrgyzstan,2009,13.0835
Kyrgyzstan,2010,11.3607
Kyrgyzstan,2011,12.8766
Kyrgyzstan,2012,18.0952
Kyrgyzstan,2013,17.096
Kyrgyzstan,2014,17.9143
Kyrgyzstan,2015,16.0897
Kyrgyzstan,2016,17.0448
Kyrgyzstan,2017,16.6215
Kyrgyzstan,2018,19.7255
Kyrgyzstan,2019,17.3271
Kyrgyzstan,2020,16.1527
Kyrgyzstan,2021,18.007
Laos,1990,0.80381
Laos,1991,0.86435
Laos,1992,0.92094
Laos,1993,0.94698
Laos,1994,1.0436
Laos,1995,1.1487
Laos,1996,1.2065
Laos,1997,1.1934
Laos,1998,1.2524
Laos,1999,1.2243
Laos,2000,2.4631
Laos,2001,2.57
Laos,2002,2.6686
Laos,2003,2.0037
Laos,2004,2.3582
Laos,2005,2.3101
Laos,2006,3.0257
Laos,2007,3.2477
Laos,2008,3.8692
Laos,2009,4.9937
Laos,2010,2.2583
Laos,2011,2.2264
Laos,2012,2.6092
Laos,2013,3.3464
Laos,2014,3.5231
Laos,2015,7.3429
Laos,2016,12.7423
Laos,2017,21.1836
Laos,2018,21.8733
Laos,2019,21.7435
Laos,2020,22.045
Laos,2021,24.6394
Latvia,1990,21.5642
Latvia,1991,19.8553
Latvia,1992,18.3968
Latvia,1993,14.6334
Latvia,1994,13.7494
Latvia,1995,12.6944
Latvia,1996,14.2571
Latvia,1997,13.656
Latvia,1998,13.4425
Latvia,1999,12.3287
Latvia,2000,14.6953
Latvia,2001,13.7161
Latvia,2002,13.5677
Latvia,2003,14.5974
Latvia,2004,13.9443
Latvia,2005,13.4153
Latvia,2006,15.2137
Latvia,2007,17.7386
Latvia,2008,16.2332
Latvia,2009,12.0221
Latvia,2010,13.3586
Latvia,2011,13.4711
Latvia,2012,13.3127
Latvia,2013,12.7428
Latvia,2014,11.8743
Latvia,2015,11.9697
Latvia,2016,12.027
Latvia,2017,14.2675
Latvia,2018,16.0786
Latvia,2019,15.359
Latvia,2020,13.7765
Latvia,2021,15.3072
Lithuania,1990,43.2211
Lithuania,1991,45.8643
Lithuania,1992,52.4907
Lithuania,1993,32.4125
Lithuania,1994,28.6935
Lithuania,1995,27.9924
Lithuania,1996,22.7365
Lithuania,1997,21.6874
Lithuania,1998,22.2168
Lithuania,1999,19.8663
Lithuania,2000,20.1981
Lithuania,2001,20.1152
Lithuania,2002,19.3568
Lithuania,2003,22.6294
Lithuania,2004,21.5876
Lithuania,2005,21.454
Lithuania,2006,23.1756
Lithuania,2007,24.3917
Lithuania,2008,22.5651
Lithuania,2009,21.2284
Lithuania,2010,20.6616
Lithuania,2011,23.6073
Lithuania,2012,21.246
Lithuania,2013,21.0946
Lithuania,2014,21.2525
Lithuania,2015,20.4157
Lithuania,2016,21.3876
Lithuania,2017,22.2512
Lithuania,2018,22.9634
Lithuania,2019,21.7812
Lithuania,2020,20.0478
Lithuania,2021,22.238
Luxembourg,1990,11.8155
Luxembourg,1991,12.4349
Luxembourg,1992,12.2025
Luxembourg,1993,12.3519
Luxembourg,1994,11.5429
Luxembourg,1995,9.1559
Luxembourg,1996,9.2074
Luxembourg,1997,8.5639
Luxembourg,1998,7.6633
Luxembourg,1999,8.6528
Luxembourg,2000,8.3747
Luxembourg,2001,8.6069
Luxembourg,2002,9.8185
Luxembourg,2003,11.5292
Luxembourg,2004,13.1228
Luxembourg,2005,14.4177
Luxembourg,2006,14.888
Luxembourg,2007,11.8834
Luxembourg,2008,15.8586
Luxembourg,2009,9.4196
Luxembourg,2010,10.7797
Luxembourg,2011,12.1776
Luxembourg,2012,12.0315
Luxembourg,2013,11.6084
Luxembourg,2014,11.3309
Luxembourg,2015,11.0029
Luxembourg,2016,9.8287
Luxembourg,2017,9.7192
Luxembourg,2018,9.5941
Luxembourg,2019,9.3212
Luxembourg,2020,8.0046
Luxembourg,2021,8.7755
Madagascar,1990,1.4017
Madagascar,1991,1.4636
Madagascar,1992,1.4664
Madagascar,1993,1.5368
Madagascar,1994,1.6569
Madagascar,1995,1.6982
Madagascar,1996,1.4266
Madagascar,1997,1.7894
Madagascar,1998,2.2127
Madagascar,1999,2.5328
Madagascar,2000,2.7119
Madagascar,2001,2.6173
Madagascar,2002,1.9967
Madagascar,2003,2.8342
Madagascar,2004,2.8349
Madagascar,2005,2.9221
Madagascar,2006,2.7377
Madagascar,2007,2.9038
Madagascar,2008,4.201
Madagascar,2009,3.5103
Madagascar,2010,3.206
Madagascar,2011,3.777
Madagascar,2012,4.0663
Madagascar,2013,4.7533
Madagascar,2014,4.9633
Madagascar,2015,4.8541
Madagascar,2016,4.7952
Madagascar,2017,5.6958
Madagascar,2018,5.1225
Madagascar,2019,5.5751
Madagascar,2020,5.4159
Madagascar,2021,5.9303
Malawi,1990,1.5354
Malawi,1991,1.5464
Malawi,1992,1.527
Malawi,1993,1.6911
Malawi,1994,1.7184
Malawi,1995,1.7776
Malawi,1996,2.0312
Malawi,1997,1.9907
Malawi,1998,1.9389
Malawi,1999,1.8921
Malawi,2000,0.81268
Malawi,2001,0.72229
Malawi,2002,0.83615
Malawi,2003,0.98479
Malawi,2004,0.83788
Malawi,2005,0.78625
Malawi,2006,0.87564
Malawi,2007,0.8448
Malawi,2008,0.93109
Malawi,2009,0.905
Malawi,2010,0.90553
Malawi,2011,0.98264
Malawi,2012,1.071
Malawi,2013,1.0252
Malawi,2014,0.94919
Malawi,2015,0.98967
Malawi,2016,1.2373
Malawi,2017,1.1395
Malawi,2018,2.6504
Malawi,2019,2.5968
Malawi,2020,2.89
Malawi,2021,3.2295
Malaysia,1990,66.0565
Malaysia,1991,72.8918
Malaysia,1992,81.5174
Malaysia,1993,87.244
Malaysia,1994,87.3968
Malaysia,1995,98.9835
Malaysia,1996,100.8278
Malaysia,1997,112.6636
Malaysia,1998,79.3174
Malaysia,1999,93.5302
Malaysia,2000,112.8961
Malaysia,2001,118.4962
Malaysia,2002,124.2046
Malaysia,2003,126.7189
Malaysia,2004,134.5972
Malaysia,2005,137.3505
Malaysia,2006,138.6608
Malaysia,2007,148.1275
Malaysia,2008,164.2135
Malaysia,2009,157.4128
Malaysia,2010,178.2619
Malaysia,2011,190.4415
Malaysia,2012,210.2549
Malaysia,2013,239.2799
Malaysia,2014,239.2857
Malaysia,2015,227.8656
Malaysia,2016,223.9357
Malaysia,2017,227.2357
Malaysia,2018,247.3767
Malaysia,2019,249.5608
Malaysia,2020,250.561
Malaysia,2021,259.9964
Malta,1990,3.3955
Malta,1991,3.2501
Malta,1992,3.4718
Malta,1993,3.7327
Malta,1994,3.6782
Malta,1995,3.7267
Malta,1996,3.8565
Malta,1997,3.628
Malta,1998,4.7629
Malta,1999,4.197
Malta,2000,4.6071
Malta,2001,4.8186
Malta,2002,5.0645
Malta,2003,4.4605
Malta,2004,4.3039
Malta,2005,3.2965
Malta,2006,3.8565
Malta,2007,4.7353
Malta,2008,5.9162
Malta,2009,4.6402
Malta,2010,5.9067
Malta,2011,8.1456
Malta,2012,7.952
Malta,2013,6.4893
Malta,2014,7.6116
Malta,2015,8.4273
Malta,2016,9.1751
Malta,2017,8.7622
Malta,2018,10.3308
Malta,2019,9.7981
Malta,2020,8.4407
Malta,2021,10.2368
Mauritius,1990,2.6893
Mauritius,1991,2.8141
Mauritius,1992,3.1156
Mauritius,1993,3.1854
Mauritius,1994,3.1765
Mauritius,1995,3.4411
Mauritius,1996,3.9814
Mauritius,1997,3.9607
Mauritius,1998,3.74
Mauritius,1999,3.8196
Mauritius,2000,4.6193
Mauritius,2001,4.4141
Mauritius,2002,4.4935
Mauritius,2003,4.6956
Mauritius,2004,5.0743
Mauritius,2005,4.4552
Mauritius,2006,4.8309
Mauritius,2007,4.7527
Mauritius,2008,5.3267
Mauritius,2009,4.8637
Mauritius,2010,4.8888
Mauritius,2011,4.9847
Mauritius,2012,5.0675
Mauritius,2013,5.1163
Mauritius,2014,5.3509
Mauritius,2015,5.037
Mauritius,2016,5.28
Mauritius,2017,5.6397
Mauritius,2018,5.7063
Mauritius,2019,5.775
Mauritius,2020,5.2828
Mauritius,2021,5.7573
Mexico,1990,321.419
Mexico,1991,338.7224
Mexico,1992,346.3326
Mexico,1993,352.4446
Mexico,1994,364.6513
Mexico,1995,322.714
Mexico,1996,338.7718
Mexico,1997,375.0137
Mexico,1998,398.9072
Mexico,1999,407.8581
Mexico,2000,439.7186
Mexico,2001,448.769
Mexico,2002,452.8454
Mexico,2003,451.527
Mexico,2004,470.17
Mexico,2005,490.3325
Mexico,2006,504.6961
Mexico,2007,497.7578
Mexico,2008,505.1669
Mexico,2009,485.9032
Mexico,2010,495.3177
Mexico,2011,537.6573
Mexico,2012,548.4565
Mexico,2013,557.0058
Mexico,2014,548.534
Mexico,2015,539.292
Mexico,2016,528.772
Mexico,2017,516.6274
Mexico,2018,522.5171
Mexico,2019,514.5443
Mexico,2020,468.5851
Mexico,2021,506.2367
Mongolia,1990,8.9142
Mongolia,1991,8.7498
Mongolia,1992,9.1809
Mongolia,1993,6.0577
Mongolia,1994,5.836
Mongolia,1995,5.9469
Mongolia,1996,7.4845
Mongolia,1997,6.0757
Mongolia,1998,6.3985
Mongolia,1999,6.6194
Mongolia,2000,7.0503
Mongolia,2001,7.4915
Mongolia,2002,7.7916
Mongolia,2003,8.2894
Mongolia,2004,8.5021
Mongolia,2005,8.7251
Mongolia,2006,9.5763
Mongolia,2007,12.2563
Mongolia,2008,13.0851
Mongolia,2009,13.4497
Mongolia,2010,14.6776
Mongolia,2011,23.3013
Mongolia,2012,36.6812
Mongolia,2013,43.469
Mongolia,2014,29.1795
Mongolia,2015,23.5097
Mongolia,2016,23.8024
Mongolia,2017,30.4551
Mongolia,2018,40.991
Mongolia,2019,42.0154
Mongolia,2020,33.5718
Mongolia,2021,35.2274
Morocco,1990,30.5308
Morocco,1991,30.8509
Morocco,1992,35.8797
Morocco,1993,35.1421
Morocco,1994,35.7624
Morocco,1995,36.5691
Morocco,1996,33.5693
Morocco,1997,32.2786
Morocco,1998,34.9665
Morocco,1999,38.2009
Morocco,2000,38.4301
Morocco,2001,41.4142
Morocco,2002,43.1835
Morocco,2003,39.6927
Morocco,2004,45.6092
Morocco,2005,47.19
Morocco,2006,49.5423
Morocco,2007,54.2765
Morocco,2008,59.9479
Morocco,2009,57.1599
Morocco,2010,59.2931
Morocco,2011,62.979
Morocco,2012,64.074
Morocco,2013,63.5667
Morocco,2014,63.4018
Morocco,2015,63.6905
Morocco,2016,65.6893
Morocco,2017,66.6705
Morocco,2018,68.1884
Morocco,2019,72.3447
Morocco,2020,67.43
Morocco,2021,76.0806
Mozambique,1990,4.0187
Mozambique,1991,3.7255
Mozambique,1992,3.5653
Mozambique,1993,3.9134
Mozambique,1994,3.9418
Mozambique,1995,4.2237
Mozambique,1996,2.8643
Mozambique,1997,1.8803
Mozambique,1998,2.775
Mozambique,1999,3.9448
Mozambique,2000,4.3481
Mozambique,2001,4.8441
Mozambique,2002,4.7061
Mozambique,2003,5.1422
Mozambique,2004,5.1528
Mozambique,2005,5.5642
Mozambique,2006,6.01
Mozambique,2007,7.1311
Mozambique,2008,8.2657
Mozambique,2009,8.6086
Mozambique,2010,8.2531
Mozambique,2011,10.8417
Mozambique,2012,9.8388
Mozambique,2013,13.4712
Mozambique,2014,18.2128
Mozambique,2015,15.3662
Mozambique,2016,16.0647
Mozambique,2017,12.7972
Mozambique,2018,12.8318
Mozambique,2019,13.5384
Mozambique,2020,12.5696
Mozambique,2021,14.089
Namibia,1990,0.0
Namibia,1991,1.0552
Namibia,1992,1.1505
Namibia,1993,1.3887
Namibia,1994,1.5719
Namibia,1995,1.6195
Namibia,1996,1.7221
Namibia,1997,1.7697
Namibia,1998,1.8173
Namibia,1999,1.6635
Namibia,2000,1.5682
Namibia,2001,2.0028
Namibia,2002,1.6122
Namibia,2003,1.6855
Namibia,2004,1.9135
Namibia,2005,2.2338
Namibia,2006,2.1755
Namibia,2007,2.5217
Namibia,2008,3.2334
Namibia,2009,2.9593
Namibia,2010,7.1324
Namibia,2011,7.0379
Namibia,2012,9.1025
Namibia,2013,9.1981
Namibia,2014,11.5068
Namibia,2015,11.0592
Namibia,2016,11.2179
Namibia,2017,9.3714
Namibia,2018,8.8084
Namibia,2019,9.0053
Namibia,2020,8.4606
Namibia,2021,9.1814
Nepal,1990,1.1545
Nepal,1991,1.5242
Nepal,1992,1.7294
Nepal,1993,1.9123
Nepal,1994,2.1314
Nepal,1995,2.7895
Nepal,1996,2.8182
Nepal,1997,3.0625
Nepal,1998,4.108
Nepal,1999,6.247
Nepal,2000,2.6946
Nepal,2001,3.9791
Nepal,2002,3.6694
Nepal,2003,2.5446
Nepal,2004,4.3068
Nepal,2005,4.6069
Nepal,2006,4.3166
Nepal,2007,4.7882
Nepal,2008,6.1399
Nepal,2009,3.6741
Nepal,2010,4.4319
Nepal,2011,4.8287
Nepal,2012,5.0688
Nepal,2013,5.9004
Nepal,2014,6.9518
Nepal,2015,6.3285
Nepal,2016,9.4355
Nepal,2017,11.6293
Nepal,2018,26.9474
Nepal,2019,25.2759
Nepal,2020,25.8451
Nepal,2021,29.4456
Netherlands,1990,202.0975
Netherlands,1991,209.8357
Netherlands,1992,238.0658
Netherlands,1993,219.3844
Netherlands,1994,215.7669
Netherlands,1995,219.2107
Netherlands,1996,216.8843
Netherlands,1997,211.3329
Netherlands,1998,216.4645
Netherlands,1999,146.9934
Netherlands,2000,130.0873
Netherlands,2001,127.3588
Netherlands,2002,131.7486
Netherlands,2003,182.7605
Netherlands,2004,190.5418
Netherlands,2005,216.2356
Netherlands,2006,230.8823
Netherlands,2007,199.3132
Netherlands,2008,221.6199
Netherlands,2009,193.909
Netherlands,2010,222.4181
Netherlands,2011,211.551
Netherlands,2012,189.3467
Netherlands,2013,189.4311
Netherlands,2014,170.7206
Netherlands,2015,169.2432
Netherlands,2016,169.555
Netherlands,2017,168.8577
Netherlands,2018,169.7491
Netherlands,2019,167.3669
Netherlands,2020,151.827
Netherlands,2021,164.1893
New Zealand,1990,26.8927
New Zealand,1991,27.0249
New Zealand,1992,28.3383
New Zealand,1993,28.356
New Zealand,1994,29.1058
New Zealand,1995,30.33
New Zealand,1996,32.0497
New Zealand,1997,33.8347
New Zealand,1998,31.5107
New Zealand,1999,34.1754
New Zealand,2000,32.0746
New Zealand,2001,33.592
New Zealand,2002,34.3181
New Zealand,2003,37.6893
New Zealand,2004,38.9832
New Zealand,2005,41.7408
New Zealand,2006,39.8347
New Zealand,2007,40.0995
New Zealand,2008,40.4668
New Zealand,2009,35.6057
New Zealand,2010,36.3117
New Zealand,2011,36.8221
New Zealand,2012,38.7976
New Zealand,2013,39.3346
New Zealand,2014,39.0813
New Zealand,2015,38.6664
New Zealand,2016,38.1158
New Zealand,2017,38.4658
New Zealand,2018,38.9314
New Zealand,2019,39.469
New Zealand,2020,38.9539
New Zealand,2021,40.8745
Nicaragua,1990,2.6883
Nicaragua,1991,2.6512
Nicaragua,1992,3.1787
Nicaragua,1993,3.0244
Nicaragua,1994,3.2314
Nicaragua,1995,3.4347
Nicaragua,1996,3.4276
Nicaragua,1997,3.7838
Nicaragua,1998,4.2078
Nicaragua,1999,4.4981
Nicaragua,2000,4.4279
Nicaragua,2001,4.5892
Nicaragua,2002,4.5671
Nicaragua,2003,5.0098
Nicaragua,2004,5.1693
Nicaragua,2005,5.1528
Nicaragua,2006,5.678
Nicaragua,2007,6.1409
Nicaragua,2008,5.6562
Nicaragua,2009,5.5323
Nicaragua,2010,5.3618
Nicaragua,2011,5.4936
Nicaragua,2012,5.7066
Nicaragua,2013,5.7716
Nicaragua,2014,6.4417
Nicaragua,2015,7.4219
Nicaragua,2016,7.4362
Nicaragua,2017,7.2574
Nicaragua,2018,6.8877
Nicaragua,2019,6.7017
Nicaragua,2020,5.9791
Nicaragua,2021,6.76
Nigeria,1990,37.8743
Nigeria,1991,39.8842
Nigeria,1992,43.9036
Nigeria,1993,43.8142
Nigeria,1994,78.4216
Nigeria,1995,76.8101
Nigeria,1996,88.7769
Nigeria,1997,89.9163
Nigeria,1998,86.1953
Nigeria,1999,63.2464
Nigeria,2000,49.4509
Nigeria,2001,71.0139
Nigeria,2002,71.2566
Nigeria,2003,83.0906
Nigeria,2004,85.2094
Nigeria,2005,94.1827
Nigeria,2006,74.1481
Nigeria,2007,82.262
Nigeria,2008,90.2207
Nigeria,2009,86.4025
Nigeria,2010,99.8382
Nigeria,2011,101.8453
Nigeria,2012,76.1649
Nigeria,2013,112.4028
Nigeria,2014,117.5245
Nigeria,2015,116.8565
Nigeria,2016,118.4338
Nigeria,2017,108.8418
Nigeria,2018,101.2108
Nigeria,2019,119.3869
Nigeria,2020,127.4591
Nigeria,2021,131.8129
Norway,2003,42.2746
Norway,2004,44.9591
Norway,2005,44.1368
Norway,2006,49.7556
Norway,2007,54.9001
Norway,2008,50.9479
Norway,2009,51.4662
Norway,2010,55.3899
Norway,2011,51.1864
Norway,2012,48.2227
Norway,2013,48.8845
Norway,2014,48.4817
Norway,2015,50.4406
Norway,2016,49.3856
Norway,2017,50.1524
Norway,2018,49.618
Norway,2019,49.0127
Norway,2020,47.0058
Norway,2021,44.6327
Oman,1990,12.5569
Oman,1991,13.4055
Oman,1992,13.7295
Oman,1993,15.3756
Oman,1994,19.0483
Oman,1995,19.9908
Oman,1996,19.225
Oman,1997,19.2711
Oman,1998,20.2155
Oman,1999,19.1798
Oman,2000,20.7413
Oman,2001,21.6417
Oman,2002,23.2779
Oman,2003,34.0943
Oman,2004,26.5794
Oman,2005,26.4794
Oman,2006,35.3967
Oman,2007,40.7036
Oman,2008,44.3099
Oman,2009,44.0109
Oman,2010,45.4461
Oman,2011,48.7956
Oman,2012,54.0399
Oman,2013,56.9423
Oman,2014,59.7919
Oman,2015,65.1213
Oman,2016,67.687
Oman,2017,70.3001
Oman,2018,65.7701
Oman,2019,61.4638
Oman,2020,65.3418
Oman,2021,69.4871
Pakistan,1990,72.3625
Pakistan,1991,70.5918
Pakistan,1992,77.5678
Pakistan,1993,82.3652
Pakistan,1994,89.0251
Pakistan,1995,88.7527
Pakistan,1996,99.0407
Pakistan,1997,97.8029
Pakistan,1998,97.0593
Pakistan,1999,107.0458
Pakistan,2000,108.7633
Pakistan,2001,110.4627
Pakistan,2002,121.2714
Pakistan,2003,120.2901
Pakistan,2004,141.4059
Pakistan,2005,146.8972
Pakistan,2006,156.9127
Pakistan,2007,167.9713
Pakistan,2008,167.6942
Pakistan,2009,167.084
Pakistan,2010,165.7693
Pakistan,2011,168.6337
Pakistan,2012,171.1608
Pakistan,2013,165.1183
Pakistan,2014,173.0879
Pakistan,2015,188.5167
Pakistan,2016,220.4
Pakistan,2017,240.7279
Pakistan,2018,227.7848
Pakistan,2019,226.953
Pakistan,2020,219.595
Pakistan,2021,246.1608
Panama,1990,2.9591
Panama,1991,3.0736
Panama,1992,3.595
Panama,1993,3.4722
Panama,1994,3.6287
Panama,1995,3.5766
Panama,1996,4.1898
Panama,1997,4.3176
Panama,1998,5.3993
Panama,1999,5.8092
Panama,2000,4.8166
Panama,2001,5.1794
Panama,2002,4.8197
Panama,2003,-0.3796
Panama,2004,-0.29739
Panama,2005,-1.7535
Panama,2006,-0.27039
Panama,2007,0.56426
Panama,2008,0.090568
Panama,2009,1.1934
Panama,2010,1.152
Panama,2011,0.020432
Panama,2012,-2.1507
Panama,2013,-1.2025
Panama,2014,0.2187
Panama,2015,1.3963
Panama,2016,2.2141
Panama,2017,17.9123
Panama,2018,17.128
Panama,2019,17.4423
Panama,2020,15.9578
Panama,2021,15.6592
Paraguay,1990,3.7738
Paraguay,1991,3.8219
Paraguay,1992,4.3529
Paraguay,1993,4.509
Paraguay,1994,5.0938
Paraguay,1995,5.5944
Paraguay,1996,5.2644
Paraguay,1997,5.8337
Paraguay,1998,5.7175
Paraguay,1999,5.8552
Paraguay,2000,5.4343
Paraguay,2001,5.4708
Paraguay,2002,5.2628
Paraguay,2003,5.6976
Paraguay,2004,5.9289
Paraguay,2005,5.7783
Paraguay,2006,5.9638
Paraguay,2007,6.7957
Paraguay,2008,8.1672
Paraguay,2009,7.1038
Paraguay,2010,8.7296
Paraguay,2011,9.9517
Paraguay,2012,9.3316
Paraguay,2013,9.8408
Paraguay,2014,10.0902
Paraguay,2015,9.9281
Paraguay,2016,10.656
Paraguay,2017,11.9548
Paraguay,2018,12.6591
Paraguay,2019,12.5625
Paraguay,2020,11.6983
Paraguay,2021,14.3107
Peru,1990,23.8892
Peru,1991,23.6838
Peru,1992,24.1008
Peru,1993,26.5617
Peru,1994,27.1378
Peru,1995,28.4832
Peru,1996,27.9001
Peru,1997,31.1999
Peru,1998,32.0879
Peru,1999,33.3756
Peru,2000,31.4305
Peru,2001,28.8899
Peru,2002,29.9655
Peru,2003,28.4425
Peru,2004,30.9789
Peru,2005,32.9426
Peru,2006,32.3494
Peru,2007,39.5882
Peru,2008,45.8819
Peru,2009,45.8359
Peru,2010,52.6954
Peru,2011,54.8457
Peru,2012,58.1317
Peru,2013,57.524
Peru,2014,61.7558
Peru,2015,61.7843
Peru,2016,62.341
Peru,2017,63.6296
Peru,2018,65.2059
Peru,2019,67.3832
Peru,2020,57.0651
Peru,2021,64.8659
Philippines,1990,62.7719
Philippines,1991,62.9851
Philippines,1992,76.7519
Philippines,1993,72.3811
Philippines,1994,75.3684
Philippines,1995,80.8158
Philippines,1996,80.1548
Philippines,1997,88.5998
Philippines,1998,80.2112
Philippines,1999,85.9124
Philippines,2000,90.9764
Philippines,2001,90.7695
Philippines,2002,90.1009
Philippines,2003,91.5227
Philippines,2004,94.2221
Philippines,2005,94.2398
Philippines,2006,83.8141
Philippines,2007,90.4621
Philippines,2008,99.9467
Philippines,2009,93.5337
Philippines,2010,102.2844
Philippines,2011,109.4984
Philippines,2012,118.4447
Philippines,2013,129.1101
Philippines,2014,135.7996
Philippines,2015,143.8177
Philippines,2016,155.6175
Philippines,2017,167.607
Philippines,2018,175.4368
Philippines,2019,177.2979
Philippines,2020,166.8552
Philippines,2021,182.8704
Poland,1990,322.5569
Poland,1991,337.0546
Poland,1992,347.5101
Poland,1993,337.1228
Poland,1994,324.0604
Poland,1995,321.3755
Poland,1996,329.1589
Poland,1997,322.193
Poland,1998,296.7375
Poland,1999,309.093
Poland,2000,300.005
Poland,2001,295.4243
Poland,2002,284.8371
Poland,2003,284.711
Poland,2004,290.7219
Poland,2005,289.4425
Poland,2006,317.2502
Poland,2007,325.1162
Poland,2008,329.1522
Poland,2009,310.3264
Poland,2010,329.752
Poland,2011,325.5451
Poland,2012,324.5888
Poland,2013,311.1237
Poland,2014,301.5289
Poland,2015,311.0448
Poland,2016,309.1112
Poland,2017,322.1294
Poland,2018,331.9438
Poland,2019,312.4486
Poland,2020,290.5627
Poland,2021,317.555
Portugal,1990,51.9343
Portugal,1991,54.2217
Portugal,1992,60.0594
Portugal,1993,58.4627
Portugal,1994,59.3795
Portugal,1995,63.565
Portugal,1996,60.7783
Portugal,1997,70.7904
Portugal,1998,80.941
Portugal,1999,97.9478
Portugal,2000,110.9162
Portugal,2001,113.3797
Portugal,2002,114.0148
Portugal,2003,112.0962
Portugal,2004,110.7983
Portugal,2005,128.6348
Portugal,2006,114.6874
Portugal,2007,115.509
Portugal,2008,115.0161
Portugal,2009,95.4784
Portugal,2010,95.837
Portugal,2011,62.9953
Portugal,2012,51.9771
Portugal,2013,49.7676
Portugal,2014,48.9055
Portugal,2015,51.9107
Portugal,2016,54.5167
Portugal,2017,58.1576
Portugal,2018,55.8525
Portugal,2019,52.3394
Portugal,2020,47.6591
Portugal,2021,49.0699
Qatar,1990,10.6848
Qatar,1991,15.7831
Qatar,1992,22.9589
Qatar,1993,26.7342
Qatar,1994,28.3176
Qatar,1995,29.3631
Qatar,1996,30.5036
Qatar,1997,34.9328
Qatar,1998,31.6057
Qatar,1999,18.1319
Qatar,2000,17.2343
Qatar,2001,20.7675
Qatar,2002,23.7912
Qatar,2003,23.2976
Qatar,2004,22.9985
Qatar,2005,26.66
Qatar,2006,31.5473
Qatar,2007,37.0871
Qatar,2008,38.637
Qatar,2009,47.0939
Qatar,2010,44.0581
Qatar,2011,34.6976
Qatar,2012,44.5493
Qatar,2013,46.7825
Qatar,2014,56.8148
Qatar,2015,67.6224
Qatar,2016,71.6402
Qatar,2017,72.9562
Qatar,2018,68.5189
Qatar,2019,74.0219
Qatar,2020,76.3611
Qatar,2021,71.7916
Romania,1990,163.2698
Romania,1991,129.9799
Romania,1992,120.3347
Romania,1993,111.9501
Romania,1994,104.349
Romania,1995,105.5102
Romania,1996,101.5786
Romania,1997,90.315
Romania,1998,88.1966
Romania,1999,79.4623
Romania,2000,90.0677
Romania,2001,96.3092
Romania,2002,95.981
Romania,2003,97.555
Romania,2004,98.7255
Romania,2005,100.7517
Romania,2006,105.5282
Romania,2007,113.2593
Romania,2008,116.5244
Romania,2009,92.8229
Romania,2010,94.0682
Romania,2011,96.3077
Romania,2012,92.9205
Romania,2013,79.7054
Romania,2014,81.627
Romania,2015,79.4946
Romania,2016,80.7709
Romania,2017,84.8327
Romania,2018,88.385
Romania,2019,85.151
Romania,2020,80.8611
Romania,2021,85.9896
Rwanda,1990,0.52386
Rwanda,1991,0.47214
Rwanda,1992,0.47949
Rwanda,1993,0.48295
Rwanda,1994,0.46212
Rwanda,1995,0.45476
Rwanda,1996,0.46404
Rwanda,1997,0.48253
Rwanda,1998,0.48152
Rwanda,1999,0.50262
Rwanda,2000,0.68987
Rwanda,2001,0.49374
Rwanda,2002,0.48551
Rwanda,2003,0.49947
Rwanda,2004,0.55272
Rwanda,2005,0.50139
Rwanda,2006,0.51153
Rwanda,2007,0.55336
Rwanda,2008,0.55452
Rwanda,2009,0.55155
Rwanda,2010,0.61269
Rwanda,2011,0.70124
Rwanda,2012,0.82182
Rwanda,2013,0.77028
Rwanda,2014,0.92018
Rwanda,2015,1.079
Rwanda,2016,1.1208
Rwanda,2017,1.6684
Rwanda,2018,1.8994
Rwanda,2019,1.9722
Rwanda,2020,1.9321
Rwanda,2021,2.226
Saudi Arabia,1990,192.7636
Saudi Arabia,1991,261.4681
Saudi Arabia,1992,285.9489
Saudi Arabia,1993,312.504
Saudi Arabia,1994,306.4606
Saudi Arabia,1995,249.3029
Saudi Arabia,1996,245.9079
Saudi Arabia,1997,209.4788
Saudi Arabia,1998,222.396
Saudi Arabia,1999,189.13
Saudi Arabia,2000,206.0159
Saudi Arabia,2001,219.8441
Saudi Arabia,2002,233.0284
Saudi Arabia,2003,303.5464
Saudi Arabia,2004,351.5893
Saudi Arabia,2005,349.1512
Saudi Arabia,2006,394.0811
Saudi Arabia,2007,369.7556
Saudi Arabia,2008,415.0565
Saudi Arabia,2009,473.4721
Saudi Arabia,2010,517.8704
Saudi Arabia,2011,497.3244
Saudi Arabia,2012,547.7902
Saudi Arabia,2013,536.3876
Saudi Arabia,2014,609.0719
Saudi Arabia,2015,699.4498
Saudi Arabia,2016,696.51
Saudi Arabia,2017,666.1994
Saudi Arabia,2018,658.0114
Saudi Arabia,2019,683.1492
Saudi Arabia,2020,614.9147
Saudi Arabia,2021,622.0831
Senegal,1990,3.4031
Senegal,1991,3.642
Senegal,1992,3.7496
Senegal,1993,3.8609
Senegal,1994,4.0221
Senegal,1995,3.7578
Senegal,1996,4.6462
Senegal,1997,4.2724
Senegal,1998,4.3342
Senegal,1999,4.4955
Senegal,2000,4.9901
Senegal,2001,5.1472
Senegal,2002,5.2237
Senegal,2003,5.9932
Senegal,2004,6.2273
Senegal,2005,6.7704
Senegal,2006,5.8869
Senegal,2007,6.6906
Senegal,2008,7.1421
Senegal,2009,6.2738
Senegal,2010,7.3425
Senegal,2011,9.1877
Senegal,2012,10.0477
Senegal,2013,9.8234
Senegal,2014,11.4021
Senegal,2015,12.048
Senegal,2016,12.9142
Senegal,2017,13.6155
Senegal,2018,14.7718
Senegal,2019,15.2829
Senegal,2020,14.0048
Senegal,2021,15.2371
Singapore,1990,71.5609
Singapore,1991,74.2555
Singapore,1992,84.3105
Singapore,1993,84.8735
Singapore,1994,91.6884
Singapore,1995,90.0199
Singapore,1996,101.78
Singapore,1997,112.0541
Singapore,1998,96.3954
Singapore,1999,103.4075
Singapore,2000,126.9901
Singapore,2001,110.2731
Singapore,2002,111.1722
Singapore,2003,102.9001
Singapore,2004,120.3551
Singapore,2005,129.4532
Singapore,2006,141.2402
Singapore,2007,131.2205
Singapore,2008,188.7653
Singapore,2009,104.6917
Singapore,2010,109.9223
Singapore,2011,212.9002
Singapore,2012,244.7729
Singapore,2013,259.3018
Singapore,2014,187.8287
Singapore,2015,164.0082
Singapore,2016,149.7403
Singapore,2017,156.4918
Singapore,2018,162.6762
Singapore,2019,161.2853
Singapore,2020,146.4448
Singapore,2021,164.6553
Slovakia,1990,73.1137
Slovakia,1991,57.3119
Slovakia,1992,56.048
Slovakia,1993,51.6393
Slovakia,1994,44.8503
Slovakia,1995,46.5407
Slovakia,1996,48.2618
Slovakia,1997,47.2453
Slovakia,1998,48.4947
Slovakia,1999,45.2919
Slovakia,2000,46.2493
Slovakia,2001,48.3633
Slovakia,2002,45.765
Slovakia,2003,43.9173
Slovakia,2004,46.088
Slovakia,2005,42.8181
Slovakia,2006,45.1347
Slovakia,2007,48.6344
Slovakia,2008,51.8996
Slovakia,2009,48.7097
Slovakia,2010,51.1828
Slovakia,2011,49.1022
Slovakia,2012,43.356
Slovakia,2013,43.2554
Slovakia,2014,39.6012
Slovakia,2015,40.2922
Slovakia,2016,40.6714
Slovakia,2017,40.8816
Slovakia,2018,42.1152
Slovakia,2019,40.2314
Slovakia,2020,37.1357
Slovakia,2021,41.2371
Slovenia,1990,16.472
Slovenia,1991,15.6005
Slovenia,1992,19.7422
Slovenia,1993,18.3169
Slovenia,1994,17.4266
Slovenia,1995,18.8314
Slovenia,1996,18.2647
Slovenia,1997,18.8158
Slovenia,1998,19.0144
Slovenia,1999,18.1271
Slovenia,2000,19.0853
Slovenia,2001,20.1312
Slovenia,2002,19.5149
Slovenia,2003,18.9299
Slovenia,2004,19.1576
Slovenia,2005,18.9882
Slovenia,2006,20.9332
Slovenia,2007,22.8609
Slovenia,2008,23.3669
Slovenia,2009,19.3774
Slovenia,2010,19.9389
Slovenia,2011,21.3944
Slovenia,2012,18.8916
Slovenia,2013,18.0711
Slovenia,2014,17.5754
Slovenia,2015,17.5858
Slovenia,2016,18.3181
Slovenia,2017,19.8293
Slovenia,2018,21.15
Slovenia,2019,20.5814
Slovenia,2020,18.8061
Slovenia,2021,20.7008
South Africa,1990,219.1885
South Africa,1991,241.0216
South Africa,1992,228.2197
South Africa,1993,239.2102
South Africa,1994,257.1149
South Africa,1995,270.839
South Africa,1996,264.4676
South Africa,1997,278.5977
South Africa,1998,269.4109
South Africa,1999,293.1487
South Africa,2000,286.2689
South Africa,2001,272.6604
South Africa,2002,254.0174
South Africa,2003,279.0614
South Africa,2004,322.7939
South Africa,2005,299.1005
South Africa,2006,333.3752
South Africa,2007,340.0317
South Africa,2008,340.2775
South Africa,2009,347.0056
South Africa,2010,337.0143
South Africa,2011,336.0444
South Africa,2012,354.358
South Africa,2013,347.7565
South Africa,2014,347.5141
South Africa,2015,334.8048
South Africa,2016,334.1588
South Africa,2017,326.7693
South Africa,2018,323.9004
South Africa,2019,344.1784
South Africa,2020,315.8024
South Africa,2021,297.7172
South Korea,1990,320.5943
South Korea,1991,342.0266
South Korea,1992,395.2047
South Korea,1993,403.7553
South Korea,1994,425.5989
South Korea,1995,451.6289
South Korea,1996,490.8291
South Korea,1997,497.8862
South Korea,1998,360.7607
South Korea,1999,436.1974
South Korea,2000,485.2221
South Korea,2001,485.2129
South Korea,2002,524.6032
South Korea,2003,542.4516
South Korea,2004,552.7823
South Korea,2005,581.335
South Korea,2006,607.1157
South Korea,2007,632.677
South Korea,2008,639.0291
South Korea,2009,574.7509
South Korea,2010,650.526
South Korea,2011,674.4072
South Korea,2012,655.563
South Korea,2013,656.717
South Korea,2014,672.9603
South Korea,2015,667.6436
South Korea,2016,655.7597
South Korea,2017,689.9346
South Korea,2018,722.2077
South Korea,2019,707.6025
South Korea,2020,659.0481
South Korea,2021,689.1492
Spain,1990,264.9138
Spain,1991,270.6289
Spain,1992,292.3923
Spain,1993,272.0074
Spain,1994,275.6157
Spain,1995,287.6127
Spain,1996,272.1452
Spain,1997,277.6982
Spain,1998,291.7803
Spain,1999,315.556
Spain,2000,335.2553
Spain,2001,335.7401
Spain,2002,358.8572
Spain,2003,358.6503
Spain,2004,385.5808
Spain,2005,411.2357
Spain,2006,416.3066
Spain,2007,428.4417
Spain,2008,393.2703
Spain,2009,345.5471
Spain,2010,328.1901
Spain,2011,320.9954
Spain,2012,295.0937
Spain,2013,275.6412
Spain,2014,281.0175
Spain,2015,281.6663
Spain,2016,273.6789
Spain,2017,293.6018
Spain,2018,296.8409
Spain,2019,281.7571
Spain,2020,250.9368
Spain,2021,272.1842
Sri Lanka,1990,6.343
Sri Lanka,1991,6.9903
Sri Lanka,1992,7.9609
Sri Lanka,1993,7.9868
Sri Lanka,1994,8.7176
Sri Lanka,1995,9.3018
Sri Lanka,1996,10.1854
Sri Lanka,1997,10.3105
Sri Lanka,1998,11.0842
Sri Lanka,1999,14.0669
Sri Lanka,2000,18.5957
Sri Lanka,2001,19.1829
Sri Lanka,2002,21.1592
Sri Lanka,2003,17.6451
Sri Lanka,2004,20.0205
Sri Lanka,2005,20.3071
Sri Lanka,2006,20.7983
Sri Lanka,2007,19.3099
Sri Lanka,2008,20.6271
Sri Lanka,2009,19.1078
Sri Lanka,2010,22.033
Sri Lanka,2011,29.541
Sri Lanka,2012,29.5666
Sri Lanka,2013,30.3499
Sri Lanka,2014,32.1176
Sri Lanka,2015,34.6686
Sri Lanka,2016,38.6227
Sri Lanka,2017,37.2102
Sri Lanka,2018,35.6959
Sri Lanka,2019,36.5011
Sri Lanka,2020,36.3773
Sri Lanka,2021,38.374
Sweden,1990,85.622
Sweden,1991,84.7099
Sweden,1992,93.6807
Sweden,1993,87.0991
Sweden,1994,86.3325
Sweden,1995,85.4206
Sweden,1996,90.8616
Sweden,1997,86.1974
Sweden,1998,87.7773
Sweden,1999,82.2036
Sweden,2000,85.858
Sweden,2001,80.0238
Sweden,2002,81.9466
Sweden,2003,87.8988
Sweden,2004,87.4113
Sweden,2005,91.3126
Sweden,2006,92.5367
Sweden,2007,91.7988
Sweden,2008,89.9946
Sweden,2009,77.2411
Sweden,2010,86.1444
Sweden,2011,84.2574
Sweden,2012,77.5101
Sweden,2013,74.1186
Sweden,2014,73.1554
Sweden,2015,71.2679
Sweden,2016,71.2056
Sweden,2017,72.2537
Sweden,2018,72.6145
Sweden,2019,68.7413
Sweden,2020,61.3466
Sweden,2021,68.1593
Switzerland,1990,85.8853
Switzerland,1991,88.1846
Switzerland,1992,95.6191
Switzerland,1993,87.2354
Switzerland,1994,86.5836
Switzerland,1995,90.5013
Switzerland,1996,108.2178
Switzerland,1997,96.326
Switzerland,1998,116.8915
Switzerland,1999,106.4203
Switzerland,2000,89.4383
Switzerland,2001,107.2662
Switzerland,2002,97.601
Switzerland,2003,95.3499
Switzerland,2004,99.2569
Switzerland,2005,108.471
Switzerland,2006,117.5016
Switzerland,2007,107.4891
Switzerland,2008,106.5963
Switzerland,2009,103.8924
Switzerland,2010,100.8901
Switzerland,2011,103.966
Switzerland,2012,149.7582
Switzerland,2013,140.9421
Switzerland,2014,137.7709
Switzerland,2015,142.3581
Switzerland,2016,161.5601
Switzerland,2017,128.272
Switzerland,2018,125.015
Switzerland,2019,121.6031
Switzerland,2020,107.0196
Switzerland,2021,118.6752
Taiwan,1990,175.1892
Taiwan,1991,175.1413
Taiwan,1992,219.6196
Taiwan,1993,208.6668
Taiwan,1994,209.9569
Taiwan,1995,216.0009
Taiwan,1996,200.509
Taiwan,1997,219.5192
Taiwan,1998,217.7351
Taiwan,1999,226.228
Taiwan,2000,280.9124
Taiwan,2001,255.3747
Taiwan,2002,261.381
Taiwan,2003,267.5095
Taiwan,2004,306.9564
Taiwan,2005,302.1446
Taiwan,2006,306.8139
Taiwan,2007,290.022
Taiwan,2008,284.2215
Taiwan,2009,243.3652
Taiwan,2010,291.9084
Taiwan,2011,304.0779
Taiwan,2012,282.1229
Taiwan,2013,289.8431
Taiwan,2014,292.9573
Taiwan,2015,277.0693
Taiwan,2016,280.6376
Taiwan,2017,289.8916
Taiwan,2018,292.6496
Taiwan,2019,291.9509
Taiwan,2020,284.1457
Taiwan,2021,298.827
Tajikistan,1990,5.174
Tajikistan,1991,4.4619
Tajikistan,1992,5.0045
Tajikistan,1993,3.2275
Tajikistan,1994,1.6312
Tajikistan,1995,0.81195
Tajikistan,1996,4.1434
Tajikistan,1997,3.1007
Tajikistan,1998,3.7987
Tajikistan,1999,3.3658
Tajikistan,2000,5.4369
Tajikistan,2001,5.4054
Tajikistan,2002,6.8618
Tajikistan,2003,5.4268
Tajikistan,2004,5.4299
Tajikistan,2005,6.4197
Tajikistan,2006,7.2748
Tajikistan,2007,5.2844
Tajikistan,2008,6.4501
Tajikistan,2009,5.8446
Tajikistan,2010,7.8069
Tajikistan,2011,7.6241
Tajikistan,2012,6.6253
Tajikistan,2013,11.8655
Tajikistan,2014,19.8566
Tajikistan,2015,8.9265
Tajikistan,2016,13.2882
Tajikistan,2017,14.6443
Tajikistan,2018,12.2749
Tajikistan,2019,12.7362
Tajikistan,2020,12.6252
Tajikistan,2021,13.3765
Tanzania,1990,3.6463
Tanzania,1991,3.8371
Tanzania,1992,3.751
Tanzania,1993,4.0184
Tanzania,1994,3.7866
Tanzania,1995,4.1266
Tanzania,1996,3.8572
Tanzania,1997,4.26
Tanzania,1998,4.1978
Tanzania,1999,4.3929
Tanzania,2000,4.9412
Tanzania,2001,5.4577
Tanzania,2002,5.8848
Tanzania,2003,6.1275
Tanzania,2004,6.8278
Tanzania,2005,8.7174
Tanzania,2006,8.6757
Tanzania,2007,9.1894
Tanzania,2008,11.529
Tanzania,2009,9.91
Tanzania,2010,11.112
Tanzania,2011,14.1319
Tanzania,2012,15.0466
Tanzania,2013,18.2784
Tanzania,2014,18.1348
Tanzania,2015,19.2702
Tanzania,2016,16.5443
Tanzania,2017,16.647
Tanzania,2018,17.7124
Tanzania,2019,19.1227
Tanzania,2020,19.4249
Tanzania,2021,21.4815
Thailand,1990,118.801
Thailand,1991,120.7994
Thailand,1992,155.2247
Thailand,1993,153.9019
Thailand,1994,160.2616
Thailand,1995,171.8056
Thailand,1996,182.6509
Thailand,1997,173.6094
Thailand,1998,130.089
Thailand,1999,148.2794
Thailand,2000,151.5629
Thailand,2001,157.7683
Thailand,2002,173.6763
Thailand,2003,178.5428
Thailand,2004,196.7811
Thailand,2005,209.7023
Thailand,2006,207.4789
Thailand,2007,212.0118
Thailand,2008,222.2724
Thailand,2009,222.9527
Thailand,2010,246.6925
Thailand,2011,252.7682
Thailand,2012,261.2936
Thailand,2013,266.7441
Thailand,2014,253.0917
Thailand,2015,253.9646
Thailand,2016,254.4652
Thailand,2017,258.8146
Thailand,2018,273.3407
Thailand,2019,272.0569
Thailand,2020,272.1503
Thailand,2021,277.769
Togo,1990,1.2861
Togo,1991,1.3848
Togo,1992,1.4127
Togo,1993,1.4617
Togo,1994,1.4927
Togo,1995,1.7028
Togo,1996,1.6842
Togo,1997,1.3707
Togo,1998,1.9055
Togo,1999,1.8878
Togo,2000,0.91473
Togo,2001,0.77146
Togo,2002,1.1428
Togo,2003,1.235
Togo,2004,1.1413
Togo,2005,1.2296
Togo,2006,3.7179
Togo,2007,1.3129
Togo,2008,1.2621
Togo,2009,2.1804
Togo,2010,1.9746
Togo,2011,1.8973
Togo,2012,2.136
Togo,2013,1.5014
Togo,2014,1.6064
Togo,2015,2.1413
Togo,2016,2.409
Togo,2017,1.9675
Togo,2018,7.8881
Togo,2019,8.0912
Togo,2020,7.0124
Togo,2021,7.9848
Trinidad and Tobago,1990,11.7749
Trinidad and Tobago,1991,12.4418
Trinidad and Tobago,1992,14.0108
Trinidad and Tobago,1993,12.8733
Trinidad and Tobago,1994,11.1769
Trinidad and Tobago,1995,10.1605
Trinidad and Tobago,1996,12.9863
Trinidad and Tobago,1997,13.8464
Trinidad and Tobago,1998,15.3043
Trinidad and Tobago,1999,13.8274
Trinidad and Tobago,2000,10.1878
Trinidad and Tobago,2001,12.2087
Trinidad and Tobago,2002,14.8778
Trinidad and Tobago,2003,16.8035
Trinidad and Tobago,2004,16.4077
Trinidad and Tobago,2005,15.0851
Trinidad and Tobago,2006,13.2581
Trinidad and Tobago,2007,19.2626
Trinidad and Tobago,2008,18.5894
Trinidad and Tobago,2009,24.8124
Trinidad and Tobago,2010,24.875
Trinidad and Tobago,2011,18.6322
Trinidad and Tobago,2012,15.0135
Trinidad and Tobago,2013,14.9479
Trinidad and Tobago,2014,19.2881
Trinidad and Tobago,2015,23.1032
Trinidad and Tobago,2016,27.8696
Trinidad and Tobago,2017,24.7895
Trinidad and Tobago,2018,23.0664
Trinidad and Tobago,2019,26.3859
Trinidad and Tobago,2020,26.2779
Trinidad and Tobago,2021,21.1557
Tunisia,1990,15.7814
Tunisia,1991,16.9455
Tunisia,1992,21.3261
Tunisia,1993,19.5951
Tunisia,1994,17.4888
Tunisia,1995,17.8903
Tunisia,1996,17.2025
Tunisia,1997,17.2051
Tunisia,1998,17.1049
Tunisia,1999,19.2098
Tunisia,2000,14.1609
Tunisia,2001,14.3303
Tunisia,2002,14.9478
Tunisia,2003,15.6476
Tunisia,2004,15.641
Tunisia,2005,15.5985
Tunisia,2006,16.0963
Tunisia,2007,16.4113
Tunisia,2008,16.7557
Tunisia,2009,18.9555
Tunisia,2010,20.5477
Tunisia,2011,18.9922
Tunisia,2012,20.4017
Tunisia,2013,20.6068
Tunisia,2014,22.2206
Tunisia,2015,23.8595
Tunisia,2016,23.1841
Tunisia,2017,23.1213
Tunisia,2018,29.4299
Tunisia,2019,28.4241
Tunisia,2020,27.3568
Tunisia,2021,32.654
Turkey,1990,215.3753
Turkey,1991,213.6329
Turkey,1992,249.4937
Turkey,1993,231.2849
Turkey,1994,210.26
Turkey,1995,223.8236
Turkey,1996,210.6637
Turkey,1997,224.7474
Turkey,1998,226.8927
Turkey,1999,230.8975
Turkey,2000,255.1415
Turkey,2001,205.2345
Turkey,2002,225.2441
Turkey,2003,247.6535
Turkey,2004,279.6231
Turkey,2005,305.3397
Turkey,2006,328.8972
Turkey,2007,364.724
Turkey,2008,351.9662
Turkey,2009,326.5039
Turkey,2010,354.4144
Turkey,2011,387.9077
Turkey,2012,398.5099
Turkey,2013,387.323
Turkey,2014,399.4895
Turkey,2015,413.3574
Turkey,2016,419.9776
Turkey,2017,442.9132
Turkey,2018,427.0958
Turkey,2019,397.6592
Turkey,2020,398.7731
Turkey,2021,421.9454
Uganda,1990,1.5332
Uganda,1991,1.5581
Uganda,1992,1.6109
Uganda,1993,1.7836
Uganda,1994,1.7238
Uganda,1995,1.965
Uganda,1996,1.7197
Uganda,1997,1.845
Uganda,1998,2.5325
Uganda,1999,2.6573
Uganda,2000,2.8447
Uganda,2001,2.8414
Uganda,2002,2.9527
Uganda,2003,2.7397
Uganda,2004,2.9689
Uganda,2005,3.5535
Uganda,2006,4.0413
Uganda,2007,4.5221
Uganda,2008,4.7825
Uganda,2009,5.4226
Uganda,2010,5.956
Uganda,2011,6.5159
Uganda,2012,5.9305
Uganda,2013,6.0187
Uganda,2014,6.5323
Uganda,2015,6.7495
Uganda,2016,6.9748
Uganda,2017,7.7013
Uganda,2018,7.7646
Uganda,2019,7.9693
Uganda,2020,7.5921
Uganda,2021,8.3994
Ukraine,1990,502.6818
Ukraine,1991,457.2164
Ukraine,1992,440.8527
Ukraine,1993,373.3568
Ukraine,1994,274.233
Ukraine,1995,219.2749
Ukraine,1996,288.1028
Ukraine,1997,276.8993
Ukraine,1998,244.1906
Ukraine,1999,237.831
Ukraine,2000,221.928
Ukraine,2001,257.0243
Ukraine,2002,251.1361
Ukraine,2003,237.074
Ukraine,2004,226.3767
Ukraine,2005,251.0239
Ukraine,2006,266.2244
Ukraine,2007,292.9018
Ukraine,2008,299.1152
Ukraine,2009,251.1837
Ukraine,2010,248.3967
Ukraine,2011,268.7487
Ukraine,2012,272.9434
Ukraine,2013,273.3628
Ukraine,2014,222.3737
Ukraine,2015,184.8812
Ukraine,2016,179.904
Ukraine,2017,181.1892
Ukraine,2018,211.314
Ukraine,2019,205.863
Ukraine,2020,189.0656
Ukraine,2021,196.6269
United Arab Emirates,1990,55.8184
United Arab Emirates,1991,61.192
United Arab Emirates,1992,63.6308
United Arab Emirates,1993,69.2527
United Arab Emirates,1994,79.4637
United Arab Emirates,1995,79.1919
United Arab Emirates,1996,81.4428
United Arab Emirates,1997,80.425
United Arab Emirates,1998,92.7276
United Arab Emirates,1999,79.757
United Arab Emirates,2000,92.5237
United Arab Emirates,2001,96.7734
United Arab Emirates,2002,96.1187
United Arab Emirates,2003,125.4451
United Arab Emirates,2004,132.4718
United Arab Emirates,2005,144.5182
United Arab Emirates,2006,171.5623
United Arab Emirates,2007,189.3198
United Arab Emirates,2008,220.1298
United Arab Emirates,2009,202.9884
United Arab Emirates,2010,206.2471
United Arab Emirates,2011,221.2775
United Arab Emirates,2012,229.6797
United Arab Emirates,2013,239.6814
United Arab Emirates,2014,241.0467
United Arab Emirates,2015,245.6315
United Arab Emirates,2016,248.389
United Arab Emirates,2017,241.4957
United Arab Emirates,2018,246.2836
United Arab Emirates,2019,236.341
United Arab Emirates,2020,215.3368
United Arab Emirates,2021,241.1569
United Kingdom,1990,669.6061
United Kingdom,1991,676.7642
United Kingdom,1992,692.6676
United Kingdom,1993,657.3321
United Kingdom,1994,649.7596
United Kingdom,1995,644.3325
United Kingdom,1996,672.8558
United Kingdom,1997,672.1312
United Kingdom,1998,695.9966
United Kingdom,1999,682.1633
United Kingdom,2000,744.1081
United Kingdom,2001,726.5446
United Kingdom,2002,735.4198
United Kingdom,2003,748.5459
United Kingdom,2004,759.9767
United Kingdom,2005,750.1345
United Kingdom,2006,754.0261
United Kingdom,2007,752.3179
United Kingdom,2008,719.6166
United Kingdom,2009,628.7324
United Kingdom,2010,676.7856
United Kingdom,2011,612.4303
United Kingdom,2012,635.7586
United Kingdom,2013,618.3889
United Kingdom,2014,596.4511
United Kingdom,2015,588.6405
United Kingdom,2016,573.531
United Kingdom,2017,546.2674
United Kingdom,2018,533.6043
United Kingdom,2019,513.828
United Kingdom,2020,460.8051
United Kingdom,2021,513.4001
United States,1990,5048.0301
United States,1991,4961.2711
United States,1992,5148.2258
United States,1993,5207.4826
United States,1994,5312.5552
United States,1995,5372.4499
United States,1996,5540.3925
United States,1997,5646.0064
United States,1998,5811.6335
United States,1999,5990.1467
United States,2000,6253.9398
United States,2001,6176.8896
United States,2002,6293.475
United States,2003,6488.7131
United States,2004,6617.6326
United States,2005,6724.064
United States,2006,6707.7196
United States,2007,6639.2173
United States,2008,6315.3502
United States,2009,5779.449
United States,2010,5965.8135
United States,2011,5818.9075
United States,2012,5652.2146
United States,2013,5738.6126
United States,2014,5836.8211
United States,2015,5790.2812
United States,2016,5660.7267
United States,2017,5631.1453
United States,2018,5798.152
United States,2019,5685.6837
United States,2020,5186.5575
United States,2021,5572.1732
Uruguay,1990,4.8964
Uruguay,1991,5.4283
Uruguay,1992,6.1258
Uruguay,1993,5.6263
Uruguay,1994,5.377
Uruguay,1995,6.0126
Uruguay,1996,7.3074
Uruguay,1997,8.002
Uruguay,1998,8.5016
Uruguay,1999,10.0467
Uruguay,2000,8.0041
Uruguay,2001,7.5277
Uruguay,2002,6.3535
Uruguay,2003,6.177
Uruguay,2004,7.4831
Uruguay,2005,7.5717
Uruguay,2006,8.3134
Uruguay,2007,8.7705
Uruguay,2008,11.0957
Uruguay,2009,10.179
Uruguay,2010,9.946
Uruguay,2011,11.7768
Uruguay,2012,12.7876
Uruguay,2013,12.4079
Uruguay,2014,11.372
Uruguay,2015,10.7474
Uruguay,2016,9.7708
Uruguay,2017,9.9701
Uruguay,2018,10.5507
Uruguay,2019,10.4417
Uruguay,2020,10.2274
Uruguay,2021,12.0344
Venezuela,1990,94.3194
Venezuela,1991,97.8069
Venezuela,1992,95.1348
Venezuela,1993,108.9019
Venezuela,1994,101.5916
Venezuela,1995,109.8514
Venezuela,1996,96.208
Venezuela,1997,116.0426
Venezuela,1998,158.5535
Venezuela,1999,98.8758
Venezuela,2000,72.9492
Venezuela,2001,82.8099
Venezuela,2002,81.2287
Venezuela,2003,106.2174
Venezuela,2004,96.1079
Venezuela,2005,96.2529
Venezuela,2006,96.6518
Venezuela,2007,105.6225
Venezuela,2008,106.4861
Venezuela,2009,130.306
Venezuela,2010,139.2995
Venezuela,2011,120.0069
Venezuela,2012,88.4755
Venezuela,2013,106.6119
Venezuela,2014,150.0038
Venezuela,2015,88.5332
Venezuela,2016,70.7363
Venezuela,2017,64.9243
Venezuela,2018,-31.7203
Venezuela,2019,5.7701
Venezuela,2020,39.1516
Venezuela,2021,40.1841
Vietnam,1990,23.1248
Vietnam,1991,22.9658
Vietnam,1992,23.0108
Vietnam,1993,24.9687
Vietnam,1994,29.2036
Vietnam,1995,32.0096
Vietnam,1996,38.1162
Vietnam,1997,45.599
Vietnam,1998,47.2725
Vietnam,1999,43.7887
Vietnam,2000,36.8412
Vietnam,2001,41.8241
Vietnam,2002,47.309
Vietnam,2003,60.2536
Vietnam,2004,68.6776
Vietnam,2005,73.3656
Vietnam,2006,75.3801
Vietnam,2007,78.0313
Vietnam,2008,88.2468
Vietnam,2009,95.2176
Vietnam,2010,101.4875
Vietnam,2011,106.9461
Vietnam,2012,103.4806
Vietnam,2013,107.9728
Vietnam,2014,126.0466
Vietnam,2015,147.6758
Vietnam,2016,151.462
Vietnam,2017,148.8221
Vietnam,2018,163.2364
Vietnam,2019,211.2404
Vietnam,2020,224.7997
Vietnam,2021,227.044
Zambia,1990,2.7367
Zambia,1991,2.9358
Zambia,1992,2.9905
Zambia,1993,3.1684
Zambia,1994,3.2075
Zambia,1995,3.1811
Zambia,1996,3.1308
Zambia,1997,4.0742
Zambia,1998,3.8503
Zambia,1999,3.2555
Zambia,2000,3.7376
Zambia,2001,3.9882
Zambia,2002,4.0556
Zambia,2003,3.9157
Zambia,2004,4.1492
Zambia,2005,4.0433
Zambia,2006,4.5994
Zambia,2007,5.687
Zambia,2008,6.4997
Zambia,2009,5.3881
Zambia,2010,5.1769
Zambia,2011,6.7266
Zambia,2012,7.2029
Zambia,2013,7.5716
Zambia,2014,8.5905
Zambia,2015,8.2371
Zambia,2016,7.7136
Zambia,2017,8.1166
Zambia,2018,8.2599
Zambia,2019,8.8598
Zambia,2020,7.5227
Zambia,2021,7.6074
Zimbabwe,1990,17.9995
Zimbabwe,1991,17.4519
Zimbabwe,1992,17.6537
Zimbabwe,1993,16.7902
Zimbabwe,1994,17.3841
Zimbabwe,1995,15.9498
Zimbabwe,1996,16.5398
Zimbabwe,1997,14.9655
Zimbabwe,1998,13.5565
Zimbabwe,1999,14.0211
Zimbabwe,2000,11.9828
Zimbabwe,2001,11.386
Zimbabwe,2002,12.144
Zimbabwe,2003,11.458
Zimbabwe,2004,9.7403
Zimbabwe,2005,10.9302
Zimbabwe,2006,11.2588
Zimbabwe,2007,11.0321
Zimbabwe,2008,10.3773
Zimbabwe,2009,9.6872
Zimbabwe,2010,9.2646
Zimbabwe,2011,10.4354
Zimbabwe,2012,11.8849
Zimbabwe,2013,12.1716
Zimbabwe,2014,12.7439
Zimbabwe,2015,13.4006
Zimbabwe,2016,11.7469
Zimbabwe,2017,9.5906
Zimbabwe,2018,10.6262
Zimbabwe,2019,9.9184
Zimbabwe,2020,8.6676
Zimbabwe,2021,9.4839
